Company Name,Website,Phone,Rating,Reviews,City,Category,Score,Reason
"Top Dachdecker Berlin","https://topdachdecker.com/","+49 1514 3696726","4","4","Berlin","Dachdecker","9","Rating 4, 4 reviews, likely needs better lead generation"
"reetdach-berlin®️","http://www.reetdach-berlin.de/","+49 30 64904963","4.1","10","Berlin","Dachdecker","8","Rating 4.1, 10 reviews, likely needs better lead generation"
"Berliner Dachdeckerei","","+49 173 6708020","3.7","3","","Dachdecker","9","Rating 3.7, 3 reviews, likely needs better lead generation"
"Dachdeckerei-otay","https://dachdeckerei-otay.de/","+49 176 21454768","4","8","Berlin","Dachdecker","9","Rating 4, 8 reviews, likely needs better lead generation"
"Dachdecker-Innung München-Oberbayern","https://dachdeckerinnung-obb.de/","+49 89 17809104","3.6","8","München","Dachdecker","9","Rating 3.6, 8 reviews, likely needs better lead generation"
"Jürgen Probst Dachdecker München","https://dachmann.de/","+49 176 61388737","4.4","20","Oberhaching","Dachdecker","7","Rating 4.4, 20 reviews, likely needs better lead generation"
"Dachdecker-Innung Hamburg","http://dachdecker-innung-hamburg.de/","+49 40 24896060","3.4","11","Hamburg","Dachdecker","9","Rating 3.4, 11 reviews, likely needs better lead generation"
"Schmidt Bedachung Hamburg GmbH","http://www.hamburg-dach.de/","+49 40 53169952","3.4","21","Hamburg","Dachdecker","8","Rating 3.4, 21 reviews, likely needs better lead generation"
"Die Dachexperten- Dachdeckerei-Meisterbetrieb Hamburg","https://www.diedachexperten.de/","+49 40 21988883","4.1","9","Hamburg","Dachdecker","8","Rating 4.1, 9 reviews, likely needs better lead generation"
"Dachwerk Köln - Dachdecker & Zimmerer - Meisterbetrieb Niklas Bergmann","https://www.dachwerk.koeln/","+49 221 80093020","3.6","14","Köln","Dachdecker","9","Rating 3.6, 14 reviews, likely needs better lead generation"
"Bedachungen Philipp Krüger GmbH | Monschau","https://www.dach-krueger.de/","+49 2472 8024480","3.9","11","Monschau","Dachdecker","9","Rating 3.9, 11 reviews, likely needs better lead generation"
"Dachbau Stassfurt GmbH","https://www.dachbau-stassfurt.de/","+49 39265 53980","4.3","21","Staßfurt","Metallbauunternehmen","7","Rating 4.3, 21 reviews, likely needs better lead generation"
"Dachbau Stoll","http://www.stoll-dach.de/","+49 2440 1667","4.3","12","Nettersheim","Dachdecker","7","Rating 4.3, 12 reviews, likely needs better lead generation"
"Durchdacht Dachdeckerei Benjamin Brech","https://durchdacht.org/","+49 177 7998984","4","4","Eschweiler","Dachdecker","9","Rating 4, 4 reviews, likely needs better lead generation"
"Itzerodt Bedachungen GmbH","","+49 170 8142036","4","9","Simmerath","Dachdecker","9","Rating 4, 9 reviews, likely needs better lead generation"
"Zentralverband des Deutschen Dachdeckerhandwerks","http://www.dachdecker.de/","+49 221 3980380","4.2","6","Köln","Vereinigung / Organisation","8","Rating 4.2, 6 reviews, likely needs better lead generation"
"DMD Dachdeckermeister Marco Diehr","http://www.dmd-dachdecker.de/","+49 30 4619649","4.4","15","Berlin","Dachdecker","7","Rating 4.4, 15 reviews, likely needs better lead generation"
"Dachdeckerei Mann GmbH","https://www.mann-dachdeckerei.de/","+49 30 4998890","4.1","34","Berlin","Dachdecker","8","Rating 4.1, 34 reviews, likely needs better lead generation"
"Dachdecker- u. Klempnermeister Heinrich Klein GmbH","https://www.ddm-klein.de/","+49 221 703031","3.7","18","Köln","Dachdecker","9","Rating 3.7, 18 reviews, likely needs better lead generation"
"Meinolf Dachtechnik Dachdeckerei Bauklempnerei","https://www.dachtechnik-meinolf.de/","+49 2405 88399","4.1","22","Würselen","Dachdecker","8","Rating 4.1, 22 reviews, likely needs better lead generation"
"Peter Düsseldorf Bedachungen GmbH","https://www.duesseldorf-dach.de/","+49 241 155152","4.4","14","Aachen","Dachdecker","7","Rating 4.4, 14 reviews, likely needs better lead generation"
"DI Dach- und Isolierbau GmbH","https://www.di-dach.de/","+49 941 784070","4.4","13","Regensburg","Dachdecker","7","Rating 4.4, 13 reviews, likely needs better lead generation"
"DEG Alles für das Dach eG","http://www.deg-dach.de/","+49 2234 957610","4.4","32","Frechen","Dachdecker","7","Rating 4.4, 32 reviews, likely needs better lead generation"
"Vogelmann Bedachungen","","+49 2402 1024675","4.2","5","Stolberg (Rheinland)","Dachdecker","8","Rating 4.2, 5 reviews, likely needs better lead generation"
"Schilder H.","","+49 2408 8526","3.5","2","Aachen","Dachdecker","9","Rating 3.5, 2 reviews, likely needs better lead generation"
"Schmidt Bedachungen GmbH & Co. KG","https://www.daecher-schmidt.de/","+49 9191 72540","4.2","33","Forchheim","Dachdecker","8","Rating 4.2, 33 reviews, likely needs better lead generation"
"AG Bedachungen GmbH & Co. KG","https://www.agbedachungen.de/","+49 951 67913","4.4","14","Bamberg","Dachdecker","7","Rating 4.4, 14 reviews, likely needs better lead generation"
"Weigel-Schrüffer GmbH","https://www.weigel-schrueffer.de/","+49 951 62772","4.4","21","Bamberg","Dachdecker","7","Rating 4.4, 21 reviews, likely needs better lead generation"
"Dach & Holzbau STECK","http://www.dach-holzbau-steck.de/","+49 951 9684680","4.3","3","Bamberg","Dachdecker","7","Rating 4.3, 3 reviews, likely needs better lead generation"
"Metz Bedachungen","https://www.bedachungen-metz.de/","+49 971 67087","3.3","4","Bad Kissingen","Dachdecker","9","Rating 3.3, 4 reviews, likely needs better lead generation"
"Kolb Bedachungen GmbH","https://www.kolb-bedachung.de/","+49 921 66651","3.2","39","Bayreuth","Dachdecker","8","Rating 3.2, 39 reviews, likely needs better lead generation"
"Prediger Bedachungen Inh. Christian Prediger","https://www.prediger-bedachungen.de/","+49 160 8334530","4.4","7","Rannungen","Dachdecker","7","Rating 4.4, 7 reviews, likely needs better lead generation"
"Kurt Philipp Bedachungen GmbH","https://www.philipp-bedachungen.de/","+49 9251 6101","4.3","8","Münchberg","Dachdecker","7","Rating 4.3, 8 reviews, likely needs better lead generation"
"Gebrüder Schneller GmbH & Co. KG","http://www.gebrueder-schneller.de/","+49 931 279880","4.2","21","Würzburg","Dachdecker","8","Rating 4.2, 21 reviews, likely needs better lead generation"
"Fuss und Gartenschläger Flachdachbau GmbH","http://www.flachdachbau-fug.de/","+49 9229 96490","4.1","7","Mainleus","Dachdecker","8","Rating 4.1, 7 reviews, likely needs better lead generation"
"Kögel GmbH","","+49 9208 222","4","4","Bindlach","Dachdecker","9","Rating 4, 4 reviews, likely needs better lead generation"
"B&S Flachdachbau e.K.","","+49 921 33921965","4","4","Eckersdorf","Dachdecker","9","Rating 4, 4 reviews, likely needs better lead generation"
"Markert Bedachungen","http://www.markert-bedachungen.de/","+49 9723 8727","4.4","7","Röthlein","Dachdecker","7","Rating 4.4, 7 reviews, likely needs better lead generation"
"Geigenmüller Dach + Wand GmbH & Co. KG","https://www.dachdeckerei-geigenmueller.de/","+49 9252 92614","4.3","12","Helmbrechts","Dachdecker","7","Rating 4.3, 12 reviews, likely needs better lead generation"
"Jonas Bedachungen GmbH","http://www.jonas-bedachungen.de/","+49 1525 9222132","4.3","13","Schwanfeld","Dachdecker","7","Rating 4.3, 13 reviews, likely needs better lead generation"
"Kaidel Bedachungsunternehmen GmbH Bauspenglerei Dachdeckerei","https://kaidel.de/","+49 9321 32081","4.3","11","Kitzingen","Dachdecker","7","Rating 4.3, 11 reviews, likely needs better lead generation"
"BBS+Dach GmbH","http://www.bbs-dach.de/","+49 951 962260","3.6","17","Bamberg","Dachdecker","9","Rating 3.6, 17 reviews, likely needs better lead generation"
"Döring & Reuth GmbH Spenglerei Dachdeckerei","https://www.doering-reuth.de/","+49 921 66612","4.4","8","Bayreuth","Dachdecker","7","Rating 4.4, 8 reviews, likely needs better lead generation"
"RR Dachtech E.k.","","+49 1511 1770041","4","4","Bindlach","Dachdecker","9","Rating 4, 4 reviews, likely needs better lead generation"
"Max Bohn GmbH","http://www.max-bohn.de/","+49 921 41358","3","6","Bayreuth","Dachdecker","9","Rating 3, 6 reviews, likely needs better lead generation"
"Pauli Bedachungen","http://pauli-bedachungen.de/kontakt/","+49 9549 987809","4.2","5","Walsdorf","Dachdecker","8","Rating 4.2, 5 reviews, likely needs better lead generation"
"Matthias Staab Dachbau","","+49 9302 3249","4.3","6","Rottendorf","Dachdecker","7","Rating 4.3, 6 reviews, likely needs better lead generation"
"Dachdecker-Einkauf Süd eG","http://www.deg-sued.de/","+49 9302 90620","3.9","40","Rottendorf","Bedachungsfachhandel","8","Rating 3.9, 40 reviews, likely needs better lead generation"
"Ulrich Knaup","","+49 9723 4657","3.7","3","Röthlein","Dachdecker","9","Rating 3.7, 3 reviews, likely needs better lead generation"
"Zinner GmbH","https://www.zinner-zimmerei.de/","+49 9643 92250","4.3","15","Auerbach in der Oberpfalz","Dachdecker","7","Rating 4.3, 15 reviews, likely needs better lead generation"
"Meißner Dach","https://www.dach-meissner.de/","+49 9528 9500342","4.4","7","Donnersdorf","Dachdecker","7","Rating 4.4, 7 reviews, likely needs better lead generation"
"Zimmerei Kirschner GmbH","https://www.zimmerei-kirschner.de/","+49 9203 430","3.4","5","Neudrossenfeld","Zimmermann","9","Rating 3.4, 5 reviews, likely needs better lead generation"
"Zimmerei Geusfeld GmbH","https://www.zimmerei-geusfeld.de/","+49 9554 9230245","4","4","Rauhenebrach","Zimmermann","9","Rating 4, 4 reviews, likely needs better lead generation"
"Dachdeckerei und Gerüstbau Männl GmbH","https://geruestbauer.gmbh/muenchberg/2067-dachdeckerei-und-geruestbau-maennl-gmbh","+49 9251 960540","3.9","11","Münchberg","Dachdecker","9","Rating 3.9, 11 reviews, likely needs better lead generation"
"Flachdachbau Samaraz","http://www.flachdachbau-samaraz.de/","+49 9221 6919943","3","2","Ködnitz","Dachdecker","9","Rating 3, 2 reviews, likely needs better lead generation"
"Bauspenglerei Dachdeckerei Johannes Karl - Trunstadt","https://bauspenglerei-karl.de/","+49 160 7215543","3.7","6","Viereth-Trunstadt","Dachdecker","9","Rating 3.7, 6 reviews, likely needs better lead generation"
"Stefan Dollack Dachdeckerei & Gerüstverleih","","+49 9134 708909","3.8","8","Neunkirchen am Brand","Dachdecker","9","Rating 3.8, 8 reviews, likely needs better lead generation"
"Bäuerlein Dachausbau Trocken- und Akustikbau GmbH","http://www.trockenbau-baeuerlein.de/","+49 9544 6316","3","2","Lauter","Dachdecker","9","Rating 3, 2 reviews, likely needs better lead generation"
"Dachdeckerei Valentin Stark","http://www.valentin-stark.de/","+49 9546 1285","4.3","11","Schlüsselfeld","Dachdecker","7","Rating 4.3, 11 reviews, likely needs better lead generation"
"Uwe Woytinnek","","+49 9723 930710","3.3","3","Schwebheim","Dachdecker","9","Rating 3.3, 3 reviews, likely needs better lead generation"
"Vogt","https://holz-vogt.de/","+49 9735 1416","4.3","11","Maßbach","Dachdecker","7","Rating 4.3, 11 reviews, likely needs better lead generation"
"Wachs Karlheinz","","+49 9278 1365","4.3","6","Weidenberg","Sanitärinstallateur","7","Rating 4.3, 6 reviews, likely needs better lead generation"
"Roland Lehmann","https://www.lehmann-dachreinigung.de/","+49 9573 310256","3","2","Ebensfeld","Reinigungsunternehmen","9","Rating 3, 2 reviews, likely needs better lead generation"
"HOLZBAU HÜBNER e.K.","http://www.holzbau-huebner.de/","+49 9203 1069","4.2","5","Heinersreuth","Zimmermann","8","Rating 4.2, 5 reviews, likely needs better lead generation"
"Oliver Frank Zimmerei und Dachdeckerei","http://www.zimmerei-dachdeckerei-frank.de/","+49 9503 503729","3.7","6","Viereth-Trunstadt","Dachdecker","9","Rating 3.7, 6 reviews, likely needs better lead generation"
"Kai Dollack Dachdeckerei & Gerüstverleih","","+49 171 1444105","4.3","4","Neunkirchen am Brand","Gerüstbauservice","7","Rating 4.3, 4 reviews, likely needs better lead generation"
"Paulus Holzbau","http://www.holzbau-paulus.de/","+49 9324 3941","3.5","13","Dettelbach","Zimmermann","9","Rating 3.5, 13 reviews, likely needs better lead generation"
"Zimmerei Jochen Ankenbrand","https://www.zimmerei-ankenbrand.de/","+49 9721 41677","3","4","Schweinfurt","Zimmermann","9","Rating 3, 4 reviews, likely needs better lead generation"
"MJ Eggolsheimer Holzbau UG","http://www.eggolsheimer-holzbau.de/","+49 9545 4409959","3","2","Eggolsheim","Zimmermann","9","Rating 3, 2 reviews, likely needs better lead generation"
"Zimmerei - Holzbau Höfler","","+49 162 5350167","4.3","6","Bindlach","Zimmermann","7","Rating 4.3, 6 reviews, likely needs better lead generation"
"PMP Reichert Bau GmbH & Co. KG","https://www.pmp-reichert-bau.de/","+49 9528 950780","4.4","15","Donnersdorf","Dachdecker","7","Rating 4.4, 15 reviews, likely needs better lead generation"
"Homeier Bedachungen GmbH","http://www.homeier-bedachungen.de/","+49 201 675015","4.1","19","Essen","Dachdecker","8","Rating 4.1, 19 reviews, likely needs better lead generation"
"Zimmerei Maisel","https://www.zimmerei-maisel.de/","+49 1512 0292266","4","4","Wirsberg","Zimmermann","9","Rating 4, 4 reviews, likely needs better lead generation"
"Bedachungen Arnolds GmbH","https://bedachungen-arnolds.de/","+49 2247 2462","4.3","38","Neunkirchen-Seelscheid","Dachdecker","7","Rating 4.3, 38 reviews, likely needs better lead generation"
"Söhn GmbH Osman Karaarslan Bedachungen und Energiekonzepte","https://www.soehn-gmbh.de/","+49 202 2692220","3.9","15","Wuppertal","Dachdecker","9","Rating 3.9, 15 reviews, likely needs better lead generation"
"Dachbau Mark GmbH","http://www.dachbaumark.de/index.php?page=impressum","+49 2374 9247711","4.1","13","Iserlohn","Dachdecker","8","Rating 4.1, 13 reviews, likely needs better lead generation"
"TD Dachtechnik GmbH","http://www.td-dachtechnik.de/","+49 2842 719019","4.1","10","Kamp-Lintfort","Dachdecker","8","Rating 4.1, 10 reviews, likely needs better lead generation"
"Dachbau Braukmann","http://www.dachdecker-witten.de/","+49 2302 85373","4.4","26","Witten","Dachdecker","7","Rating 4.4, 26 reviews, likely needs better lead generation"
"Schröder Bedachungstechnik GmbH","http://msdach.de/","+49 2236 67001","3.6","19","Köln","Dachdecker","9","Rating 3.6, 19 reviews, likely needs better lead generation"
"LG Dachdecker Essen","http://lg-dachdeckeressen.de/","+49 15678 930806","3.5","2","Essen","Dachdecker","9","Rating 3.5, 2 reviews, likely needs better lead generation"
"Dicke + Sohn e. K. Dachdeckermeister","https://www.dicke-und-sohn.de/","+49 202 313355","4.4","30","Wuppertal","Dachdecker","7","Rating 4.4, 30 reviews, likely needs better lead generation"
"Kohlen GmbH & Co. KG","https://kohlen.de/","+49 2162 970160","4.4","31","Viersen","Dachdecker","7","Rating 4.4, 31 reviews, likely needs better lead generation"
"Buchholz Zimmerei - Dachdeckerei - Fassadenbau","http://www.buchholz.haus/","+49 2171 776770","4.3","18","Leverkusen","Dachdecker","7","Rating 4.3, 18 reviews, likely needs better lead generation"
"Dachdeckerei Grass (Dachdeckergeselle m/w gesucht, gerne ab sofort :-)","http://www.dachdecker-grass.de/","+49 221 8307418","3.4","13","Köln","Dachdecker","9","Rating 3.4, 13 reviews, likely needs better lead generation"
"Albert Hintzen Bedachungen","http://www.hintzen-dach.de/","+49 221 9641861","3","8","Köln","Dachdecker","9","Rating 3, 8 reviews, likely needs better lead generation"
"Engel Dachtechnik GmbH & Co. KG","http://www.dach-engel.de/","+49 221 744343","3.7","13","Köln","Dachdecker","9","Rating 3.7, 13 reviews, likely needs better lead generation"
"Hackmann Bedachung","https://hackmann-bedachung.de/","+49 1511 2067451","4.3","6","Wülfrath","Dachdecker","7","Rating 4.3, 6 reviews, likely needs better lead generation"
"Schmidt Bedachung GmbH","https://www.kevin-schmidt-bedachungen.de/","+49 172 5302571","3","4","Duisburg","Dachdecker","9","Rating 3, 4 reviews, likely needs better lead generation"
"Dachdeckerei Schramm","http://www.schramm-dach.de/","+49 202 2740300","4.3","11","Wuppertal","Dachdecker","7","Rating 4.3, 11 reviews, likely needs better lead generation"
"Brentrup Dachbau GmbH","http://brentrup-dachbau.de/","+49 208 652108","3.8","4","Oberhausen","Dachdecker","9","Rating 3.8, 4 reviews, likely needs better lead generation"
"W. Elstermeier GmbH & Co. KG","https://www.w-elstermeier.de/","+49 221 9559345","4.4","13","Köln","Dachdecker","7","Rating 4.4, 13 reviews, likely needs better lead generation"
"Radermacher & Schmitz Dachdeckermeister","http://radermacher-bedachung.de/kontakt/","+49 1514 1288861","4","16","Köln","Dachdecker","9","Rating 4, 16 reviews, likely needs better lead generation"
"Bedachungen Burmann|Weller GmbH","http://www.bbw-dach.de/","+49 231 613073","4.1","33","Dortmund","Dachdecker","8","Rating 4.1, 33 reviews, likely needs better lead generation"
"Dachdecker Kayser GmbH","http://www.dachdecker-kayser.de/","+49 202 2611669","4.3","9","Wuppertal","Dachdecker","7","Rating 4.3, 9 reviews, likely needs better lead generation"
"Dächer für Düsseldorf Markus Schrader GmbH & Co. KG","https://www.schrader-dach.de/","+49 211 555308","4.4","32","Düsseldorf","Dachdecker","7","Rating 4.4, 32 reviews, likely needs better lead generation"
"Dreyer e.K. Bedachungsgeschäft Inh. Martin Johannsen","http://www.dreyer-bedachungen.de/","+49 2191 80149","3.9","13","Remscheid","Dachdecker","9","Rating 3.9, 13 reviews, likely needs better lead generation"
"Hans Joachim Nolte Bedachungen GmbH","http://nolte-bedachungen.de/","+49 202 711177","3.3","9","Wuppertal","Dachdecker","9","Rating 3.3, 9 reviews, likely needs better lead generation"
"Dachdeckerei Bayer","http://www.dachdeckerei-bayer.de/","+49 208 438402","4.1","11","Mülheim an der Ruhr","Dachdecker","8","Rating 4.1, 11 reviews, likely needs better lead generation"
"Dachschutz Stein Dortmund","https://www.dachschutz-stein.de/","+49 231 13474618","4.4","20","Dortmund","Dachdecker","7","Rating 4.4, 20 reviews, likely needs better lead generation"
"NEUKO GmbH","http://www.neuko.de/","+49 2173 9606060","4.4","14","Monheim am Rhein","Dachdecker","7","Rating 4.4, 14 reviews, likely needs better lead generation"
"Sascha Faust Dachdeckermeister","","+49 221 7401750","3.3","10","Köln","Dachdecker","9","Rating 3.3, 10 reviews, likely needs better lead generation"
"Leonhard Bock GmbH","https://dachdecker-bock.de/","+49 2335 3960","4.3","7","Wetter (Ruhr)","Dachdecker","7","Rating 4.3, 7 reviews, likely needs better lead generation"
"Thiele GmbH, Dach- und Schornsteintechnik","https://www.thiele-gmbh.com/","+49 201 353966","4.3","6","Essen","Dachdecker","7","Rating 4.3, 6 reviews, likely needs better lead generation"
"Dachbau Spielmann GmbH","","+49 2302 2800478","3.4","5","Witten","Dachdecker","9","Rating 3.4, 5 reviews, likely needs better lead generation"
"Büdenbender Dachtechnik GmbH","http://gutgedacht.de/","+49 271 773043","3.5","18","Siegen","Dachdecker","9","Rating 3.5, 18 reviews, likely needs better lead generation"
"Dachdeckermeister Henning Krause","https://www.krausedach.de/","+49 2131 4086176","4.4","14","Kaarst","Dachdecker","7","Rating 4.4, 14 reviews, likely needs better lead generation"
"Dach Schellenbach","http://www.dach-schellenbach.de/","+49 234 54420640","4.4","7","Bochum","Dachdecker","7","Rating 4.4, 7 reviews, likely needs better lead generation"
"Pews Bedachungen GmbH","https://www.pews-bedachungen.de/","+49 203 314914","4.4","38","Duisburg","Dachdecker","7","Rating 4.4, 38 reviews, likely needs better lead generation"
"Dachdecker Höffken GmbH","https://hoeffken-dach.de/","+49 202 2445544","4.1","37","Wuppertal","Dachdecker","8","Rating 4.1, 37 reviews, likely needs better lead generation"
"Markus Zajonz-Bedachungen Dachdeckerei","http://zajonz-bedachungen.de/","+49 2233 8054819","3.9","18","Köln","Dachdecker","9","Rating 3.9, 18 reviews, likely needs better lead generation"
"Hansmann KG","https://www.hansmann-dach.de/","+49 221 382586","3","10","Köln","Dachdecker","9","Rating 3, 10 reviews, likely needs better lead generation"
"Manfred Wilhelmy e.K.","https://www.wilhelmydach.de/impressum/","+49 221 3604020","3.3","12","Köln","Dachdecker","9","Rating 3.3, 12 reviews, likely needs better lead generation"
"Ulrich Gericke GmbH","http://www.gericke-gmbh.de/","+49 221 9777675","3.4","23","Köln","Dachdecker","8","Rating 3.4, 23 reviews, likely needs better lead generation"
"Jens Hilker Bedachungen","https://www.bedachungen-hilker.de/","+49 2371 7891885","4.2","5","Iserlohn","Dachdecker","8","Rating 4.2, 5 reviews, likely needs better lead generation"
"Pieper-Bedachungen Gesell- schaft mbH","http://www.pieper-bedachung.de/","+49 2933 2120","4","7","Sundern (Sauerland)","Dachdecker","9","Rating 4, 7 reviews, likely needs better lead generation"
"Bedachungen Walther Dachdecker","http://www.ergste.de/","+49 2304 973737","4.3","7","Schwerte","Dachdecker","7","Rating 4.3, 7 reviews, likely needs better lead generation"
"Dachtechnik Sonsalla","https://www.dts-sonsalla.de/","+49 234 5165990","3.8","16","Bochum","Dachdecker","9","Rating 3.8, 16 reviews, likely needs better lead generation"
"Rhineside Limited Zweigniederlassung Deutschland","","+49 170 5474594","3.7","3","Kempen","Dachdecker","9","Rating 3.7, 3 reviews, likely needs better lead generation"
"Dachdecker Andreas Merten","https://www.dachdecker-merten.de/","+49 208 2993351","4","26","Oberhausen","Dachdecker","8","Rating 4, 26 reviews, likely needs better lead generation"
"Worring Dach + Solar GmbH","https://www.worring-dach-solar.de/","+49 212 2641515","4.4","23","Solingen","Dachdecker","7","Rating 4.4, 23 reviews, likely needs better lead generation"
"Tilker Dach Gmbh","https://www.tilker-dach.de/","+49 208 476821","3.1","8","Mülheim an der Ruhr","Dachdecker","9","Rating 3.1, 8 reviews, likely needs better lead generation"
"Dachdecker Johannes Diefenthal GmbH","http://www.dachdecker-diefenthal.de/","+49 202 401818","3.9","30","Wuppertal","Dachdecker","8","Rating 3.9, 30 reviews, likely needs better lead generation"
"Dachwerk Lippoldt NRW","","+49 2841 8162017","3.7","31","Moers","Dachdecker","8","Rating 3.7, 31 reviews, likely needs better lead generation"
"Hans-Werner Schumacher Bedachungen GmbH","http://schumacher-dach.de/","+49 2842 70340","4.2","19","Kamp-Lintfort","Dachdecker","8","Rating 4.2, 19 reviews, likely needs better lead generation"
"Klaus Schindler GmbH","https://klaus-schindler-gmbh.de/","+49 2262 2982","4.4","19","Engelskirchen","Dachdecker","7","Rating 4.4, 19 reviews, likely needs better lead generation"
"Kissler-Dach GmbH","http://www.kissler-dach.de/","+49 214 41166","4.3","12","Leverkusen","Dachdecker","7","Rating 4.3, 12 reviews, likely needs better lead generation"
"Dachdecker Klömpges GmbH","https://www.kloempges.de/","+49 212 800888","4.1","17","Solingen","Dachdecker","8","Rating 4.1, 17 reviews, likely needs better lead generation"
"DEG Alles für das Dach eG","https://www.deg-dach.de/","+49 2202 95430","4.4","16","Bergisch Gladbach","Dachdecker","7","Rating 4.4, 16 reviews, likely needs better lead generation"
"Rupprath Dachdeckermeisterbetrieb GmbH","","+49 2339 120390","3.8","10","Schwelm","Dachdecker","9","Rating 3.8, 10 reviews, likely needs better lead generation"
"Gerhard Leipertz GmbH","http://www.dachdeckerleipertz.de/","+49 221 601512","3.4","15","Köln","Dachdecker","9","Rating 3.4, 15 reviews, likely needs better lead generation"
"Hanns Altvater GmbH","https://www.altvater-dachdeckerbetrieb.de/","+49 221 843024","3.5","13","Köln","Dachdecker","9","Rating 3.5, 13 reviews, likely needs better lead generation"
"Heinrich Gäff GmbH","","+49 221 555122","3","8","Köln","Dachdecker","9","Rating 3, 8 reviews, likely needs better lead generation"
"Bedachungen Klaukien","https://www.bundes-telefonbuch.de/koeln/dachdecker/bedachungen-koeln-klaukien-bedachungen-bvg614675684","+49 221 697469","3","10","Köln","Dachdecker","9","Rating 3, 10 reviews, likely needs better lead generation"
"Heinz Schneefeld & Sohn GmbH","http://www.heinz-schneefeld-sohn.de/","+49 221 323523","3.5","11","Köln","Dachdecker","9","Rating 3.5, 11 reviews, likely needs better lead generation"
"Dachdeckermeister Werner Tappert","http://www.dachdecker-tappert.de/","+49 2234 979850","4.4","15","Frechen","Dachdecker","7","Rating 4.4, 15 reviews, likely needs better lead generation"
"Peter Kühlem GmbH","","+49 2203 81338","3","6","Köln","Dachdecker","9","Rating 3, 6 reviews, likely needs better lead generation"
"Bedachung E. Crombach GmbH","https://www.dachdeckerei-crombach.de/wp/","+49 2233 78517","3.4","10","Hürth","Dachdecker","9","Rating 3.4, 10 reviews, likely needs better lead generation"
"Dachdeckermeister Marcus Vergin","http://www.vergin-dach.de/","+49 2129 5651684","4.4","27","Haan","Dachdecker","7","Rating 4.4, 27 reviews, likely needs better lead generation"
"Hoose Bedachungen GmbH","http://www.hoose-bedachungen.de/","+49 234 492277","3.8","16","Bochum","Dachdecker","9","Rating 3.8, 16 reviews, likely needs better lead generation"
"Maas Bedachungen GmbH","http://www.maas-bedachungen.de/","+49 2166 9786780","3.9","15","Mönchengladbach","Dachdecker","9","Rating 3.9, 15 reviews, likely needs better lead generation"
"Vermeulen Heitkamm GmbH","http://www.vermeulen-heitkamm.de/","+49 2151 99590","4.4","43","Tönisvorst","Dachdecker","7","Rating 4.4, 43 reviews, likely needs better lead generation"
"Dachdeckerei Dieter Enders","http://www.dachdeckerei-enders.de/","+49 2266 479575","4","8","Lindlar","Dachdecker","9","Rating 4, 8 reviews, likely needs better lead generation"
"Artur Renker Bedachungen GmbH","http://www.renkerdach.de/","+49 202 300061","4.4","14","Wuppertal","Dachdecker","7","Rating 4.4, 14 reviews, likely needs better lead generation"
"Bedachungen Boecken","http://boecken-bedachungen.com/","+49 2166 604525","3.5","13","Mönchengladbach","Dachdecker","9","Rating 3.5, 13 reviews, likely needs better lead generation"
"Dachdeckermeisterbetrieb M. Kröll","http://www.dachdeckermeister-kroell.de/","+49 2191 24435","4.4","14","Remscheid","Dachdecker","7","Rating 4.4, 14 reviews, likely needs better lead generation"
"Dachdecker Holger Kurkowitz","https://www.kurkowitz.de/","+49 2327 3951","4.3","9","Bochum","Dachdecker","7","Rating 4.3, 9 reviews, likely needs better lead generation"
"Oliver Skibbe GmbH","","+49 201 482614","3.6","5","Essen","Dachdecker","9","Rating 3.6, 5 reviews, likely needs better lead generation"
"Dachdecker Martin Gerlach Inh. Arne Küpper","http://www.dachdecker-gerlach.de/","+49 2174 5602","4.3","11","Burscheid","Dachdecker","7","Rating 4.3, 11 reviews, likely needs better lead generation"
"Arnold Drost GmbH | Wuppertal","http://www.dach-drost.de/","+49 202 2750906","4","18","Wuppertal","Dachdecker","9","Rating 4, 18 reviews, likely needs better lead generation"
"K. Jülicher GmbH & Co. KG","","+49 2051 254073","3.4","5","Velbert","Dachdecker","9","Rating 3.4, 5 reviews, likely needs better lead generation"
"Karl Kummer GmbH Dachdecker- und Klempnermeister","http://www.dachdecker-kummer.de/","+49 221 635127","3.7","3","Köln","Dachdecker","9","Rating 3.7, 3 reviews, likely needs better lead generation"
"Jakob Sturm GmbH & Co. KG","https://www.sturm-dachdecker.de/","+49 2133 265110","4","27","Dormagen","Dachdecker","8","Rating 4, 27 reviews, likely needs better lead generation"
"Bedachungen Langel GmbH","http://www.bedachungen-langel.de/","+49 2203 32926","3","5","Köln","Dachdecker","9","Rating 3, 5 reviews, likely needs better lead generation"
"van Drunick GmbH","http://www.vandrunickgmbh.de/","+49 2202 927686","4.1","27","Bergisch Gladbach","Dachdecker","8","Rating 4.1, 27 reviews, likely needs better lead generation"
"Alt Ruppiner Dachbau GmbH","https://www.altruppinerdachbau.de/","+49 3391 400096","4.4","14","Neuruppin","Dachdecker","7","Rating 4.4, 14 reviews, likely needs better lead generation"
"S&K GmbH Dachdecker- und Zimmererbetrieb","http://www.esundka.de/","+49 3394 404975","4.4","16","Wittstock/Dosse","Dachdecker","7","Rating 4.4, 16 reviews, likely needs better lead generation"
"Friedemann Dachdeckerei & Dachklempnerei GmbH","https://www.dachdeckerei-friedemann.de/","+49 39832 2930","4.3","13","Wesenberg","Dachdecker","7","Rating 4.3, 13 reviews, likely needs better lead generation"
"Dachdeckermeister Karsten Kirchhoff GmbH","https://www.kirchhoff-dachdecker.de/","+49 33932 600470","4.1","7","Fehrbellin","Dachdecker","8","Rating 4.1, 7 reviews, likely needs better lead generation"
"Peter Lohölter","http://wohnbau-westerburg.de/partner/dachdeckerarbeiten/","+49 271 8909066","4.1","9","Siegen","Dachdecker","8","Rating 4.1, 9 reviews, likely needs better lead generation"
"Team Guppy GmbH - DEIN Dachdeckermeisterbetrieb","https://teamguppy.de/","+49 2327 2190677","3.5","11","Bochum","Dachdecker","9","Rating 3.5, 11 reviews, likely needs better lead generation"
"Detlef Lenz Bedachungen","https://www.bedachungen-lenz.de/","+49 2161 5762989","3.9","7","Mönchengladbach","Dachdecker","9","Rating 3.9, 7 reviews, likely needs better lead generation"
"Dachdeckerfachbetrieb Brinkmann","http://dachdecker-brinkmann.de/kontakt/","+49 1523 4218474","4","8","Essen","Dachdecker","9","Rating 4, 8 reviews, likely needs better lead generation"
"Ok-Team Olaf Krüger","http://xn--ok-team-krger-5ob.de/","+49 2324 27699","4.4","7","Hattingen","Dachdecker","7","Rating 4.4, 7 reviews, likely needs better lead generation"
"Jörg Rademacher","","+49 1573 3180771","3.7","9","Wenden","Dachdecker","9","Rating 3.7, 9 reviews, likely needs better lead generation"
"Josef Imbach","","+49 2131 30435","3.3","7","Neuss","Dachdecker","9","Rating 3.3, 7 reviews, likely needs better lead generation"
"Bähn Dach GmbH","http://www.baehn-dach.de/","+49 33054 60206","4.4","10","Liebenwalde","Dachdecker","7","Rating 4.4, 10 reviews, likely needs better lead generation"
"Dachtechnik Busacca","","+49 2271 4503581","3.8","13","Bergheim","Dachdecker","9","Rating 3.8, 13 reviews, likely needs better lead generation"
"Krämer Bedachungstechnik","https://www.kraemer-bedachungstechnik.de/","+49 221 95624780","4.3","9","","Dachdecker","7","Rating 4.3, 9 reviews, likely needs better lead generation"
"L & L Dachtechnik","http://lundl-dachtechnik.de/","+49 4321 9652396","3","4","Neumünster","Dachdecker","9","Rating 3, 4 reviews, likely needs better lead generation"
"Hans-Jürgen Rath Bauunternehmung GmbH","http://www.rath-gmbh.de/","+49 4892 899490","4.3","30","Schenefeld","Dachdecker","7","Rating 4.3, 30 reviews, likely needs better lead generation"
"Heinrich Schmid GmbH & Co. KG","https://www.heinrich-schmid.com/standorte/schwentinental-131/","+49 431 20086780","4.4","14","Kiel","Maler","7","Rating 4.4, 14 reviews, likely needs better lead generation"
"Dachdecker Nord-Ost eG","https://www.dachdecker-no.de/","+49 38375 2670","4","5","Ückeritz","Dachdecker","9","Rating 4, 5 reviews, likely needs better lead generation"
"DEG Alles für das Dach eG","http://www.deg-dach.de/","+49 481 85460","3.9","8","Heide","Dachdecker","9","Rating 3.9, 8 reviews, likely needs better lead generation"
"DWK Bedachungen GmbH Dachdeckerei","http://www.dwk-bedachungen.de/","+49 4331 146636","3.8","10","Osterrönfeld","Dachdecker","9","Rating 3.8, 10 reviews, likely needs better lead generation"
"Dach Schmid","http://www.dach-schmid.de/","+49 89 934584","3.3","9","München","Dachdecker","9","Rating 3.3, 9 reviews, likely needs better lead generation"
"Bedachungen Gerlach","http://www.bedachungen-gerlach.de/","+49 163 7997878","4.2","5","München","Dachdecker","8","Rating 4.2, 5 reviews, likely needs better lead generation"
"Friedländer Dachdecker eG","http://mse-dach.de/","+49 39601 20258","4.3","9","Friedland","Dachdecker","7","Rating 4.3, 9 reviews, likely needs better lead generation"
"Dachdeckerei Godenschwege GmbH","https://www.dachdecker-godenschwege.de/","+49 395 5822127","4.3","26","Neubrandenburg","Dachdecker","7","Rating 4.3, 26 reviews, likely needs better lead generation"
"Dachdeckerbetrieb Nietosdateck Inh. Marko Spitzenberg","https://www.dachdecker-friedland.de/","+49 39601 26734","4.3","6","Friedland","Dachdecker","7","Rating 4.3, 6 reviews, likely needs better lead generation"
"Holger Schröder Dach- und Fassadenbau GmbH","http://www.flachdach-schroeder.de/","+49 395 769800","4","4","Neubrandenburg","Dachdecker","9","Rating 4, 4 reviews, likely needs better lead generation"
"Dachbau Hank GmbH & Co. KG","https://www.dachdecker-hank.de/","+49 39997 10775","4","4","Jarmen","Dachdecker","9","Rating 4, 4 reviews, likely needs better lead generation"
"Dachdeckerei Dubrall GmbH","","+49 4841 1317","4","5","Mildstedt","Dachdecker","9","Rating 4, 5 reviews, likely needs better lead generation"
"Dachdeckerei Heise","http://www.dachdeckerei-heise.de/","+49 431 54363","3.2","13","Kiel","Dachdecker","9","Rating 3.2, 13 reviews, likely needs better lead generation"
"Dachdeckerei Hantzsche Inh. Thies Kalina","http://www.dachdeckerei-hantzsche.de/","+49 4331 91181","4.4","14","Schacht-Audorf","Dachdecker","7","Rating 4.4, 14 reviews, likely needs better lead generation"
"Reet- und Hartdachdeckerei Dowers","https://www.dachdeckereidowers.de/","+49 4346 9485","3.3","3","Neudorf-Bornstein","Dachdecker","9","Rating 3.3, 3 reviews, likely needs better lead generation"
"Dachdeckerei Martin Meckelnburg GmbH","","+49 40 440252","4","8","Hamburg","Dachdecker","9","Rating 4, 8 reviews, likely needs better lead generation"
"B & B Dachbau GmbH","https://www.bundb-dachbau.de/","+49 30 54982288","4.3","19","Berlin","Dachdecker","7","Rating 4.3, 19 reviews, likely needs better lead generation"
"Dachdeckerei Udo Baumgarten","http://dachdeckereibaumgarten.de/","+49 33055 22571","3","4","Kremmen","Dachdecker","9","Rating 3, 4 reviews, likely needs better lead generation"
"Dachdeckerei Bauer","","+49 172 3045792","3.7","6","Kyritz","Dachdecker","9","Rating 3.7, 6 reviews, likely needs better lead generation"
"Dachdecker Expert Berlin","","+49 1577 6231252","4","4","Berlin","Dachdecker","9","Rating 4, 4 reviews, likely needs better lead generation"
"Dachdeckerei Hartmut Krüger GmbH","http://www.krueger-dachdeckerei.de/","+49 30 66708270","4.1","9","Berlin","Dachdecker","8","Rating 4.1, 9 reviews, likely needs better lead generation"
"Eberhard Schneider Dachdeckermeister GmbH","http://www.schneider-bedachungen-berlin.de/","+49 30 7406860","4.4","20","Berlin","Dachdecker","7","Rating 4.4, 20 reviews, likely needs better lead generation"
"Zimmerei ERTL","https://www.zimmerei-weiden.de/","+49 171 6801226","4.4","19","Weiden in der Oberpfalz","Zimmermann","7","Rating 4.4, 19 reviews, likely needs better lead generation"
"Detzner Dachbau","http://www.detzner-dachbau.de/","+49 30 43779150","4.3","7","Berlin","Dachdecker","7","Rating 4.3, 7 reviews, likely needs better lead generation"
"Poburski Dachtechnik Ost GmbH","https://poburski.net/","+49 30 4309960","4.1","14","Berlin","Dachdecker","8","Rating 4.1, 14 reviews, likely needs better lead generation"
"Dach Duwe","http://dachduwe.de/","+49 177 5778382","4.3","6","Berlin","Dachdecker","7","Rating 4.3, 6 reviews, likely needs better lead generation"
"KDB Dachbau und Dachdecker Berlin","","+49 30 91555237","4.4","7","Berlin","Dachdecker","7","Rating 4.4, 7 reviews, likely needs better lead generation"
"Dachdeckermeister Maximilian Rüger","https://www.ruegerdach.de/","+49 30 45029300","4.1","9","Berlin","Dachdecker","8","Rating 4.1, 9 reviews, likely needs better lead generation"
"PAUSE Dachdecker - Maurer GmbH Zimmerei und Holzbau","http://www.pause-gmbh.de/","+49 30 6507340","4.2","26","Berlin","Dachdecker","8","Rating 4.2, 26 reviews, likely needs better lead generation"
"Jens Frauen - Dachdeckermeister","http://jensfrauen.eu/","+49 40 88161606","4.4","13","Hamburg","Dachdecker","7","Rating 4.4, 13 reviews, likely needs better lead generation"
"Ewald Rohde Bedachungs GmbH","https://www.bedachungen-rohde.de/","+49 3322 286424","3.7","3","Berlin","Dachdecker","9","Rating 3.7, 3 reviews, likely needs better lead generation"
"Dachdeckermeister Claus Dittrich GmbH & Co. KG","http://www.dachschaden.de/","+49 351 841010","4.4","21","Dresden","Dachdecker","7","Rating 4.4, 21 reviews, likely needs better lead generation"
"Frank Dietz Dachdecker GmbH","http://www.dietzdaecher.de/","+49 3574 124429","4.4","7","Lauchhammer","Dachdecker","7","Rating 4.4, 7 reviews, likely needs better lead generation"
"Dachblitz GmbH","http://www.dachblitz.de/","+49 351 270350","4.2","5","Dresden","Dachdecker","8","Rating 4.2, 5 reviews, likely needs better lead generation"
"FIRA® Fassaden Spezialtechnik GmbH","https://fira-fassaden.de/","+49 351 2570921","4.3","16","Dresden","Handwerk","7","Rating 4.3, 16 reviews, likely needs better lead generation"
"Adelsberger GmbH","https://www.gebr-adelsberger.de/","+49 89 43573777","4","4","München","Dachdecker","9","Rating 4, 4 reviews, likely needs better lead generation"
"Heinrich Schmid GmbH & Co KG","https://www.heinrich-schmid.com/standorte/dresden-067/","+49 351 8520930","3.7","18","Dresden","Maler","9","Rating 3.7, 18 reviews, likely needs better lead generation"
"Heinrich Schmid GmbH & Co. KG","https://www.heinrich-schmid.com/standorte/pirna-083/","+49 3501 44390","3.7","10","Pirna","Maler","9","Rating 3.7, 10 reviews, likely needs better lead generation"
"Weber & Co. GmbH","https://weber-co-gmbh.de/","+49 3385 53760","4.2","10","Rathenow","Dachdecker","8","Rating 4.2, 10 reviews, likely needs better lead generation"
"Geld vom Dach - Die Sonne macht's","http://www.geldvomdach.de/","+49 391 81959585","4","4","Magdeburg","Dachdecker","9","Rating 4, 4 reviews, likely needs better lead generation"
"Viellechner Dachdeckermeister GmbH","http://www.viellechner.com/","+49 30 8263807","4.2","24","Berlin","Dachdecker","8","Rating 4.2, 24 reviews, likely needs better lead generation"
"Terrafinanz Wohnbau","https://www.terrafinanz.de/","+49 89 9300050","3.8","21","München","Wohnungsbau","8","Rating 3.8, 21 reviews, likely needs better lead generation"
"Dachdeckerei Viellechner Berlin","https://dachserviceberlin.de/","+49 30 754365161","4","4","Berlin","Dachdecker","9","Rating 4, 4 reviews, likely needs better lead generation"
"DHB Dachhandwerk Berlin GmbH","https://dachhandwerkberlin.de/","+49 176 47166713","4.4","7","Berlin","Dachdecker","7","Rating 4.4, 7 reviews, likely needs better lead generation"
"Bert Schmidt Dachdeckermeister GmbH","http://www.dachdeckerei-berlin-brandenburg.de/","+49 30 9258640","3.4","8","Berlin","Dachdecker","9","Rating 3.4, 8 reviews, likely needs better lead generation"
"Dachdecker Berlin Stefan","https://www.dachdecker-berlin-stefan.de/","+49 176 29214695","3","2","Teltow","Dachdecker","9","Rating 3, 2 reviews, likely needs better lead generation"
"Kai Schmid, Dachdeckerei und Bauklempnerei","https://www.dachdeckerei-schmid.de/","+49 30 7689250","4","5","Berlin","Dachdecker","9","Rating 4, 5 reviews, likely needs better lead generation"
"Dachdeckermeister K.-D. Rotter GmbH","http://www.dachdeckerei-rotter.de/","+49 30 6849053","4.2","5","Berlin","Dachdecker","8","Rating 4.2, 5 reviews, likely needs better lead generation"
"ZEDF Zehlendorfer Dachdeckermeisterbetrieb GmbH Dachdeckermeister Stellmacher","http://www.zedf.de/","+49 30 80909265","4","9","Berlin","Dachdecker","9","Rating 4, 9 reviews, likely needs better lead generation"
"DACHLAND Berlin GmbH","https://www.dachland-berlin.de/","+49 30 20915720","3.7","9","Berlin","Dachdecker","9","Rating 3.7, 9 reviews, likely needs better lead generation"
"Lutz Großmann Dachdeckerei","","+49 30 4756176","3.7","3","Berlin","Dachdecker","9","Rating 3.7, 3 reviews, likely needs better lead generation"
"Stadermann Dachdeckerei GmbH","","+49 30 6283678","4","8","Berlin","Dachdecker","9","Rating 4, 8 reviews, likely needs better lead generation"
"Rudolph Dachbau GmbH","https://www.rudolph-dachbau.de/","+49 30 40208286","4.3","6","Berlin","Dachdecker","7","Rating 4.3, 6 reviews, likely needs better lead generation"
"Frank Pohlmann GmbH","https://www.dachdeckerei-pohlmann.de/","+49 30 6516872","4.3","12","Berlin","Dachdecker","7","Rating 4.3, 12 reviews, likely needs better lead generation"
"Dachdecker Berlin - Laubinger & Russ","https://laubinger-russ.de/dachdecker-berlin/","+49 173 2085945","4","4","Berlin","Dachdecker","9","Rating 4, 4 reviews, likely needs better lead generation"
"Palluth-Dachbau GmbH","http://www.palluth-dachbau.de/","+49 30 4554051","4.2","9","Hohen Neuendorf","Dachdecker","8","Rating 4.2, 9 reviews, likely needs better lead generation"
"ULBORT Dachdeckerei","https://www.ulbort.de/","+49 30 4916854","4.3","26","Berlin","Dachdecker","7","Rating 4.3, 26 reviews, likely needs better lead generation"
"Dachdeckerei Mix GmbH","http://www.dachdeckerei-mix.de/","+49 30 53648422","4.3","6","Berlin","Dachdecker","7","Rating 4.3, 6 reviews, likely needs better lead generation"
"Universum Dachbau GmbH","http://www.universum-dachbau.de/","+49 30 39877084","4","4","Berlin","Dachdecker","9","Rating 4, 4 reviews, likely needs better lead generation"
"Dirk Vinzing Dachdeckerei","","+49 38753 889066","3.7","3","Rastow","Dachdecker","9","Rating 3.7, 3 reviews, likely needs better lead generation"
"Rainer Bauer Dachdeckerei-und Zimmerei Meisterbetrieb","http://www.zimmereibetrieb-bauer.de/","+49 38852 52291","4.2","5","Wittenburg","Dachdecker","8","Rating 4.2, 5 reviews, likely needs better lead generation"
"Paulsen Dachdeckerei GmbH","http://www.paulsen-dach.de/","+49 38876 3010","4.3","20","Roggendorf","Dachdecker","7","Rating 4.3, 20 reviews, likely needs better lead generation"
"NDB ELEKTROTECHNIK GmbH & Co. KG","http://www.ndb.de/","+49 4141 52301","3.8","33","Stade","Elektrotechniker","8","Rating 3.8, 33 reviews, likely needs better lead generation"
"Dachdeckerei Kühn","https://www.kuehn-dach.de/","+49 4163 81880","3.5","33","Horneburg","Dachdecker","8","Rating 3.5, 33 reviews, likely needs better lead generation"
"Zimmerei Dachdeckerei Kai Kelting GmbH","https://www.kai-kelting.de/","+49 4126 38180","3.8","17","Horst (Holstein)","Dachdecker","9","Rating 3.8, 17 reviews, likely needs better lead generation"
"Braas (BMI Deutschland GmbH)","http://bmigroup.de/","+49 6104 80101810","4.3","42","Regesbostel","Hersteller","7","Rating 4.3, 42 reviews, likely needs better lead generation"
"Dachdeckerei & Spenglerei SIML | Ihr Dachdecker in München","https://www.meister-siml.de/","+49 89 60087785","4","4","Neubiberg","Dachdecker","9","Rating 4, 4 reviews, likely needs better lead generation"
"Löffler GmbH München","https://www.spenglerei-loeffler.de/","+49 89 1402155","3.9","8","München","Dachdecker","9","Rating 3.9, 8 reviews, likely needs better lead generation"
"Liebl Bedachungen GmbH","","+49 89 32162742","4.3","16","München","Dachdecker","7","Rating 4.3, 16 reviews, likely needs better lead generation"
"Müller - Ihr Dachdecker GmbH","http://www.dachdecker-mueller.de/","+49 6251 963456","4.2","33","Lorsch","Dachdecker","8","Rating 4.2, 33 reviews, likely needs better lead generation"
"Karl Krüger & Sohn GmbH (Heizung, Sanitär, Dach)","http://www.karl-krueger.de/","+49 40 8501003","4.2","37","Hamburg","Dachdecker","8","Rating 4.2, 37 reviews, likely needs better lead generation"
"OKEL GmbH","http://www.okel.de/","+49 5694 97900","4.2","11","Diemelstadt","Dachdecker","8","Rating 4.2, 11 reviews, likely needs better lead generation"
"Dachdeckerei Oliver Krupp","","+49 6205 923644","4.3","6","Hockenheim","Dachdecker","7","Rating 4.3, 6 reviews, likely needs better lead generation"
"Spengler und Dachdecker A. & H. Bauer GmbH München","https://spenglerei-bauer.de/","+49 89 9045109","4.1","7","Aschheim","Dachdecker","8","Rating 4.1, 7 reviews, likely needs better lead generation"
"Voitl GmbH","https://www.voitl-gmbh.de/","+49 89 4307410","3","2","München","Dachdecker","9","Rating 3, 2 reviews, likely needs better lead generation"
"Günther und Eduard Wagner eGbR","http://www.dachdecker-muenchen.info/","+49 89 31220881","4.3","6","München","Dachdecker","7","Rating 4.3, 6 reviews, likely needs better lead generation"
"DEG Alles für das Dach eG","http://www.deg-dach.de/","+49 40 37027000","3.8","13","Schenefeld","Dachdecker","9","Rating 3.8, 13 reviews, likely needs better lead generation"
"Dachdeckermeister Thomas Rieck GmbH","http://rieck-dach.de/","+49 40 8703304","3.4","12","Schenefeld","Dachdecker","9","Rating 3.4, 12 reviews, likely needs better lead generation"
"BMI Deutschland GmbH","http://bmigroup.de/","+49 6171 61014","3.8","17","Oberursel (Taunus)","Bedachungsfachhandel","9","Rating 3.8, 17 reviews, likely needs better lead generation"
"S & N Bedachungen GmbH","","+49 8131 6698920","4.2","15","Karlsfeld","Dachdecker","8","Rating 4.2, 15 reviews, likely needs better lead generation"
"Tectus Flachdachabdichtungen GmbH","https://www.tectusdach.de/","+49 89 3540493","4","4","München","Dachdecker","9","Rating 4, 4 reviews, likely needs better lead generation"
"Spenglerei und Bedachungen Bertl","https://www.spenglerei-bertl.de/?utm_source=google&utm_medium=wix_google_business_profile&utm_campaign=5036879850293958997","+49 176 23344158","4.4","7","München","Dachdecker","7","Rating 4.4, 7 reviews, likely needs better lead generation"
"MÜLLER + DUSCHER GmbH","https://www.mueller-duscher.de/","+49 8731 3269058","4.1","10","Loiching","Bauunternehmen","8","Rating 4.1, 10 reviews, likely needs better lead generation"
"Dachdecker Simmling","https://www.dachdecker-simmling.de/","+49 8084 5627061","3.4","5","Hohenpolding","Dachdecker","9","Rating 3.4, 5 reviews, likely needs better lead generation"
"Probst Bedachungen GmbH","http://www.probst-bedachungen.de/","+49 89 8991660","3.9","7","Planegg","Bedachungsfachhandel","9","Rating 3.9, 7 reviews, likely needs better lead generation"
"Hörmann Dachtechnik GmbH","https://www.hoermann-dachtechnik.de/","+49 89 6700230","4.2","12","München","Dachdecker","8","Rating 4.2, 12 reviews, likely needs better lead generation"
"Sören Rödel Spenglerei Dachdeckerei GmbH","https://dachdecker-roedel.de/","+49 89 14839724","3.6","19","München","Dachdecker","9","Rating 3.6, 19 reviews, likely needs better lead generation"
"Lex Hans Spenglerei + Bedachung","https://www.spenglerei-lex.de/kontakt/","+49 89 395191","4.3","6","München","Dachdecker","7","Rating 4.3, 6 reviews, likely needs better lead generation"
"Anton Gritl Meisterbetrieb für Spenglerei und Bedachungen","","+49 176 99088267","4.2","5","München","Dachdecker","8","Rating 4.2, 5 reviews, likely needs better lead generation"
"Spenglerei Karl LAX","https://www.spenglerei-lax.de/","+49 89 1502907","4","4","München","Dachdecker","9","Rating 4, 4 reviews, likely needs better lead generation"
"Thomas Meier GmbH","https://unserneuesdach.de/","+49 89 585696","4","4","München","Dachdecker","9","Rating 4, 4 reviews, likely needs better lead generation"
"JOHNDACH","http://www.johndach.de/","+49 1514 7061526","4.2","5","München","Dachdecker","8","Rating 4.2, 5 reviews, likely needs better lead generation"
"Dachdecker | Erwin Restle GmbH | München","https://www.restle-gmbh.de/?y_source=1_MTkxMzQwODItNzE1LWxvY2F0aW9uLndlYnNpdGU%3D","+49 89 82020441","3","4","München","Dachdecker","9","Rating 3, 4 reviews, likely needs better lead generation"
"Schotte Dachdeckerei und Spenglerei GmbH","http://www.schotte-gmbh.de/","+49 89 469237","3.7","3","Haar","Dachdecker","9","Rating 3.7, 3 reviews, likely needs better lead generation"
"Oliver Schmidt - Spenglermeister","http://www.spengler-dachdecker.de/","+49 89 5024699","4.3","4","München","Dachdecker","7","Rating 4.3, 4 reviews, likely needs better lead generation"
"Die Dachdecker Thomas Ecker GmbH","http://www.eckerthomas.de/","+49 8131 82202","4.4","13","Dachau","Dachdecker","7","Rating 4.4, 13 reviews, likely needs better lead generation"
"Anton Söllner Spenglerei & Dachdeckerei","http://www.soellner-dachdeckerei.de/","+49 800 3008844","3.4","5","Eching","Dachdecker","9","Rating 3.4, 5 reviews, likely needs better lead generation"
"Nikolaus Hintermaier GmbH Zimmerei Dachdeckerei","","+49 8762 1267","4.1","7","Wartenberg","Dachdecker","8","Rating 4.1, 7 reviews, likely needs better lead generation"
"Alois Gahr Abdichtungstechnik GmbH","http://alois-gahr.de/","+49 8764 460","3.5","8","Hörgertshausen","Dachdecker","9","Rating 3.5, 8 reviews, likely needs better lead generation"
"Marcus Hager","https://www.dachdeckerei-hager.de/","+49 89 3243900","4.3","6","München","Dachdecker","7","Rating 4.3, 6 reviews, likely needs better lead generation"
"Robert Stork Meisterbetrieb Dachdeckerei-Spenglerei","https://www.spenglerei-stork.de/","+49 89 41877581","4.4","7","München","Dachdecker","7","Rating 4.4, 7 reviews, likely needs better lead generation"
"Spenglerei Wöllner","https://spenglerei-woellner.de/","+49 160 96464265","4.2","5","München","Dachdecker","8","Rating 4.2, 5 reviews, likely needs better lead generation"
"Spenglerei Hartl","https://www.spenglerei-hartl.de/","+49 89 9031225","4","4","Kirchheim bei München","Dachdecker","9","Rating 4, 4 reviews, likely needs better lead generation"
"Hundhammer Dachdecker GmbH","http://hundhammergmbh.de/","+49 172 6410085","4.2","6","München","Dachdecker","8","Rating 4.2, 6 reviews, likely needs better lead generation"
"Dachdeckerei, Spenglerei Claus Donath","https://www.dach-donath.de/kontakt.html","+49 8142 597940","4.2","5","Gröbenzell","Dachdecker","8","Rating 4.2, 5 reviews, likely needs better lead generation"