"Company Name","Website","Phone","Rating","Reviews","City","Category","Tier","Reason","Outreach Message"
"Top Dachdecker Berlin","https://topdachdecker.com/","+49 1514 3696726","4","4","Berlin","Dachdecker","1","Rating 4, nur 4 Bewertung(en) – idealer Kandidat für Neukundengewinnung","Guten Tag, wir sind auf Top Dachdecker Berlin in Berlin aufmerksam geworden und möchten kurz vorstellen, womit wir Handwerksbetrieben wie Ihrem helfen: Wir entwickeln ein automatisiertes System, das Interessenten anschreibt, nachfasst, vorqualifiziert und Termine direkt in Ihren Kalender bucht – ohne zusätzlichen Aufwand für Sie. Wäre ein kurzes Gespräch dazu interessant?"
"reetdach-berlin®️","http://www.reetdach-berlin.de/","+49 30 64904963","4.1","10","Berlin","Dachdecker","1","Rating 4.1, nur 10 Bewertung(en) – idealer Kandidat für Neukundengewinnung","Guten Tag, wir sind auf reetdach-berlin®️ in Berlin aufmerksam geworden und möchten kurz vorstellen, womit wir Handwerksbetrieben wie Ihrem helfen: Wir entwickeln ein automatisiertes System, das Interessenten anschreibt, nachfasst, vorqualifiziert und Termine direkt in Ihren Kalender bucht – ohne zusätzlichen Aufwand für Sie. Wäre ein kurzes Gespräch dazu interessant?"
"Dachdeckerei-otay","https://dachdeckerei-otay.de/","+49 176 21454768","4","8","Berlin","Dachdecker","1","Rating 4, nur 8 Bewertung(en) – idealer Kandidat für Neukundengewinnung","Hallo, wir haben Ihr Unternehmen Dachdeckerei-otay in Berlin entdeckt und möchten kurz vorstellen, womit wir Handwerksbetrieben wie Ihrem helfen: Wir entwickeln ein automatisiertes System, das Interessenten anschreibt, nachfasst, vorqualifiziert und Termine direkt in Ihren Kalender bucht – ohne zusätzlichen Aufwand für Sie. Wäre ein kurzes Gespräch dazu interessant?"
"Dachdecker-Innung München-Oberbayern","https://dachdeckerinnung-obb.de/","+49 89 17809104","3.6","8","München","Dachdecker","1","Rating 3.6, nur 8 Bewertung(en) – idealer Kandidat für Neukundengewinnung","Hallo, wir haben Ihr Unternehmen Dachdecker-Innung München-Oberbayern in München entdeckt und möchten kurz vorstellen, womit wir Handwerksbetrieben wie Ihrem helfen: Wir entwickeln ein automatisiertes System, das Interessenten anschreibt, nachfasst, vorqualifiziert und Termine direkt in Ihren Kalender bucht – ohne zusätzlichen Aufwand für Sie. Wäre ein kurzes Gespräch dazu interessant?"
"Die Dachexperten- Dachdeckerei-Meisterbetrieb Hamburg","https://www.diedachexperten.de/","+49 40 21988883","4.1","9","Hamburg","Dachdecker","1","Rating 4.1, nur 9 Bewertung(en) – idealer Kandidat für Neukundengewinnung","Hallo, wir haben Ihr Unternehmen Die Dachexperten- Dachdeckerei-Meisterbetrieb Hamburg in Hamburg entdeckt und möchten kurz vorstellen, womit wir Handwerksbetrieben wie Ihrem helfen: Wir entwickeln ein automatisiertes System, das Interessenten anschreibt, nachfasst, vorqualifiziert und Termine direkt in Ihren Kalender bucht – ohne zusätzlichen Aufwand für Sie. Wäre ein kurzes Gespräch dazu interessant?"
"Durchdacht Dachdeckerei Benjamin Brech","https://durchdacht.org/","+49 177 7998984","4","4","Eschweiler","Dachdecker","1","Rating 4, nur 4 Bewertung(en) – idealer Kandidat für Neukundengewinnung","Hallo, wir haben Durchdacht Dachdeckerei Benjamin Brech in Eschweiler in unserer Recherche gefunden und möchten kurz vorstellen, womit wir Handwerksbetrieben wie Ihrem helfen: Wir entwickeln ein automatisiertes System, das Interessenten anschreibt, nachfasst, vorqualifiziert und Termine direkt in Ihren Kalender bucht – ohne zusätzlichen Aufwand für Sie. Wäre ein kurzes Gespräch dazu interessant?"
"Zentralverband des Deutschen Dachdeckerhandwerks","http://www.dachdecker.de/","+49 221 3980380","4.2","6","Köln","Vereinigung / Organisation","1","Rating 4.2, nur 6 Bewertung(en) – idealer Kandidat für Neukundengewinnung","Hallo, wir haben Ihr Unternehmen Zentralverband des Deutschen Dachdeckerhandwerks in Köln entdeckt und möchten kurz vorstellen, womit wir Handwerksbetrieben wie Ihrem helfen: Wir entwickeln ein automatisiertes System, das Interessenten anschreibt, nachfasst, vorqualifiziert und Termine direkt in Ihren Kalender bucht – ohne zusätzlichen Aufwand für Sie. Wäre ein kurzes Gespräch dazu interessant?"
"Dach & Holzbau STECK","http://www.dach-holzbau-steck.de/","+49 951 9684680","4.3","3","Bamberg","Dachdecker","1","Rating 4.3, nur 3 Bewertung(en) – idealer Kandidat für Neukundengewinnung","Hallo, wir haben Dach & Holzbau STECK in Bamberg in unserer Recherche gefunden und möchten kurz vorstellen, womit wir Handwerksbetrieben wie Ihrem helfen: Wir entwickeln ein automatisiertes System, das Interessenten anschreibt, nachfasst, vorqualifiziert und Termine direkt in Ihren Kalender bucht – ohne zusätzlichen Aufwand für Sie. Wäre ein kurzes Gespräch dazu interessant?"
"Kurt Philipp Bedachungen GmbH","https://www.philipp-bedachungen.de/","+49 9251 6101","4.3","8","Münchberg","Dachdecker","1","Rating 4.3, nur 8 Bewertung(en) – idealer Kandidat für Neukundengewinnung","Hallo, wir haben Kurt Philipp Bedachungen GmbH in Münchberg in unserer Recherche gefunden und möchten kurz vorstellen, womit wir Handwerksbetrieben wie Ihrem helfen: Wir entwickeln ein automatisiertes System, das Interessenten anschreibt, nachfasst, vorqualifiziert und Termine direkt in Ihren Kalender bucht – ohne zusätzlichen Aufwand für Sie. Wäre ein kurzes Gespräch dazu interessant?"
"Fuss und Gartenschläger Flachdachbau GmbH","http://www.flachdachbau-fug.de/","+49 9229 96490","4.1","7","Mainleus","Dachdecker","1","Rating 4.1, nur 7 Bewertung(en) – idealer Kandidat für Neukundengewinnung","Hallo, wir haben Fuss und Gartenschläger Flachdachbau GmbH in Mainleus in unserer Recherche gefunden und möchten kurz vorstellen, womit wir Handwerksbetrieben wie Ihrem helfen: Wir entwickeln ein automatisiertes System, das Interessenten anschreibt, nachfasst, vorqualifiziert und Termine direkt in Ihren Kalender bucht – ohne zusätzlichen Aufwand für Sie. Wäre ein kurzes Gespräch dazu interessant?"
"Pauli Bedachungen","http://pauli-bedachungen.de/kontakt/","+49 9549 987809","4.2","5","Walsdorf","Dachdecker","1","Rating 4.2, nur 5 Bewertung(en) – idealer Kandidat für Neukundengewinnung","Guten Tag, wir sind auf Pauli Bedachungen in Walsdorf aufmerksam geworden und möchten kurz vorstellen, womit wir Handwerksbetrieben wie Ihrem helfen: Wir entwickeln ein automatisiertes System, das Interessenten anschreibt, nachfasst, vorqualifiziert und Termine direkt in Ihren Kalender bucht – ohne zusätzlichen Aufwand für Sie. Wäre ein kurzes Gespräch dazu interessant?"
"Bauspenglerei Dachdeckerei Johannes Karl - Trunstadt","https://bauspenglerei-karl.de/","+49 160 7215543","3.7","6","Viereth-Trunstadt","Dachdecker","1","Rating 3.7, nur 6 Bewertung(en) – idealer Kandidat für Neukundengewinnung","Hallo, wir haben Bauspenglerei Dachdeckerei Johannes Karl - Trunstadt in Viereth-Trunstadt in unserer Recherche gefunden und möchten kurz vorstellen, womit wir Handwerksbetrieben wie Ihrem helfen: Wir entwickeln ein automatisiertes System, das Interessenten anschreibt, nachfasst, vorqualifiziert und Termine direkt in Ihren Kalender bucht – ohne zusätzlichen Aufwand für Sie. Wäre ein kurzes Gespräch dazu interessant?"
"Oliver Frank Zimmerei und Dachdeckerei","http://www.zimmerei-dachdeckerei-frank.de/","+49 9503 503729","3.7","6","Viereth-Trunstadt","Dachdecker","1","Rating 3.7, nur 6 Bewertung(en) – idealer Kandidat für Neukundengewinnung","Hallo, wir haben Ihr Unternehmen Oliver Frank Zimmerei und Dachdeckerei in Viereth-Trunstadt entdeckt und möchten kurz vorstellen, womit wir Handwerksbetrieben wie Ihrem helfen: Wir entwickeln ein automatisiertes System, das Interessenten anschreibt, nachfasst, vorqualifiziert und Termine direkt in Ihren Kalender bucht – ohne zusätzlichen Aufwand für Sie. Wäre ein kurzes Gespräch dazu interessant?"
"TD Dachtechnik GmbH","http://www.td-dachtechnik.de/","+49 2842 719019","4.1","10","Kamp-Lintfort","Dachdecker","1","Rating 4.1, nur 10 Bewertung(en) – idealer Kandidat für Neukundengewinnung","Hallo, wir haben TD Dachtechnik GmbH in Kamp-Lintfort in unserer Recherche gefunden und möchten kurz vorstellen, womit wir Handwerksbetrieben wie Ihrem helfen: Wir entwickeln ein automatisiertes System, das Interessenten anschreibt, nachfasst, vorqualifiziert und Termine direkt in Ihren Kalender bucht – ohne zusätzlichen Aufwand für Sie. Wäre ein kurzes Gespräch dazu interessant?"
"LG Dachdecker Essen","http://lg-dachdeckeressen.de/","+49 15678 930806","3.5","2","Essen","Dachdecker","1","Rating 3.5, nur 2 Bewertung(en) – idealer Kandidat für Neukundengewinnung","Hallo, wir haben LG Dachdecker Essen in Essen in unserer Recherche gefunden und möchten kurz vorstellen, womit wir Handwerksbetrieben wie Ihrem helfen: Wir entwickeln ein automatisiertes System, das Interessenten anschreibt, nachfasst, vorqualifiziert und Termine direkt in Ihren Kalender bucht – ohne zusätzlichen Aufwand für Sie. Wäre ein kurzes Gespräch dazu interessant?"
"Hackmann Bedachung","https://hackmann-bedachung.de/","+49 1511 2067451","4.3","6","Wülfrath","Dachdecker","1","Rating 4.3, nur 6 Bewertung(en) – idealer Kandidat für Neukundengewinnung","Hallo, wir haben Ihr Unternehmen Hackmann Bedachung in Wülfrath entdeckt und möchten kurz vorstellen, womit wir Handwerksbetrieben wie Ihrem helfen: Wir entwickeln ein automatisiertes System, das Interessenten anschreibt, nachfasst, vorqualifiziert und Termine direkt in Ihren Kalender bucht – ohne zusätzlichen Aufwand für Sie. Wäre ein kurzes Gespräch dazu interessant?"
"Brentrup Dachbau GmbH","http://brentrup-dachbau.de/","+49 208 652108","3.8","4","Oberhausen","Dachdecker","1","Rating 3.8, nur 4 Bewertung(en) – idealer Kandidat für Neukundengewinnung","Guten Tag, wir sind auf Brentrup Dachbau GmbH in Oberhausen aufmerksam geworden und möchten kurz vorstellen, womit wir Handwerksbetrieben wie Ihrem helfen: Wir entwickeln ein automatisiertes System, das Interessenten anschreibt, nachfasst, vorqualifiziert und Termine direkt in Ihren Kalender bucht – ohne zusätzlichen Aufwand für Sie. Wäre ein kurzes Gespräch dazu interessant?"
"Dachdecker Kayser GmbH","http://www.dachdecker-kayser.de/","+49 202 2611669","4.3","9","Wuppertal","Dachdecker","1","Rating 4.3, nur 9 Bewertung(en) – idealer Kandidat für Neukundengewinnung","Guten Tag, wir sind auf Dachdecker Kayser GmbH in Wuppertal aufmerksam geworden und möchten kurz vorstellen, womit wir Handwerksbetrieben wie Ihrem helfen: Wir entwickeln ein automatisiertes System, das Interessenten anschreibt, nachfasst, vorqualifiziert und Termine direkt in Ihren Kalender bucht – ohne zusätzlichen Aufwand für Sie. Wäre ein kurzes Gespräch dazu interessant?"
"Leonhard Bock GmbH","https://dachdecker-bock.de/","+49 2335 3960","4.3","7","Wetter (Ruhr)","Dachdecker","1","Rating 4.3, nur 7 Bewertung(en) – idealer Kandidat für Neukundengewinnung","Guten Tag, wir sind auf Leonhard Bock GmbH in Wetter (Ruhr) aufmerksam geworden und möchten kurz vorstellen, womit wir Handwerksbetrieben wie Ihrem helfen: Wir entwickeln ein automatisiertes System, das Interessenten anschreibt, nachfasst, vorqualifiziert und Termine direkt in Ihren Kalender bucht – ohne zusätzlichen Aufwand für Sie. Wäre ein kurzes Gespräch dazu interessant?"
"Thiele GmbH, Dach- und Schornsteintechnik","https://www.thiele-gmbh.com/","+49 201 353966","4.3","6","Essen","Dachdecker","1","Rating 4.3, nur 6 Bewertung(en) – idealer Kandidat für Neukundengewinnung","Hallo, wir haben Ihr Unternehmen Thiele GmbH, Dach- und Schornsteintechnik in Essen entdeckt und möchten kurz vorstellen, womit wir Handwerksbetrieben wie Ihrem helfen: Wir entwickeln ein automatisiertes System, das Interessenten anschreibt, nachfasst, vorqualifiziert und Termine direkt in Ihren Kalender bucht – ohne zusätzlichen Aufwand für Sie. Wäre ein kurzes Gespräch dazu interessant?"
"Jens Hilker Bedachungen","https://www.bedachungen-hilker.de/","+49 2371 7891885","4.2","5","Iserlohn","Dachdecker","1","Rating 4.2, nur 5 Bewertung(en) – idealer Kandidat für Neukundengewinnung","Guten Tag, wir sind auf Jens Hilker Bedachungen in Iserlohn aufmerksam geworden und möchten kurz vorstellen, womit wir Handwerksbetrieben wie Ihrem helfen: Wir entwickeln ein automatisiertes System, das Interessenten anschreibt, nachfasst, vorqualifiziert und Termine direkt in Ihren Kalender bucht – ohne zusätzlichen Aufwand für Sie. Wäre ein kurzes Gespräch dazu interessant?"
"Pieper-Bedachungen Gesell- schaft mbH","http://www.pieper-bedachung.de/","+49 2933 2120","4","7","Sundern (Sauerland)","Dachdecker","1","Rating 4, nur 7 Bewertung(en) – idealer Kandidat für Neukundengewinnung","Hallo, wir haben Pieper-Bedachungen Gesell- schaft mbH in Sundern (Sauerland) in unserer Recherche gefunden und möchten kurz vorstellen, womit wir Handwerksbetrieben wie Ihrem helfen: Wir entwickeln ein automatisiertes System, das Interessenten anschreibt, nachfasst, vorqualifiziert und Termine direkt in Ihren Kalender bucht – ohne zusätzlichen Aufwand für Sie. Wäre ein kurzes Gespräch dazu interessant?"
"Bedachungen Walther Dachdecker","http://www.ergste.de/","+49 2304 973737","4.3","7","Schwerte","Dachdecker","1","Rating 4.3, nur 7 Bewertung(en) – idealer Kandidat für Neukundengewinnung","Guten Tag, wir sind auf Bedachungen Walther Dachdecker in Schwerte aufmerksam geworden und möchten kurz vorstellen, womit wir Handwerksbetrieben wie Ihrem helfen: Wir entwickeln ein automatisiertes System, das Interessenten anschreibt, nachfasst, vorqualifiziert und Termine direkt in Ihren Kalender bucht – ohne zusätzlichen Aufwand für Sie. Wäre ein kurzes Gespräch dazu interessant?"
"Dachdeckerei Dieter Enders","http://www.dachdeckerei-enders.de/","+49 2266 479575","4","8","Lindlar","Dachdecker","1","Rating 4, nur 8 Bewertung(en) – idealer Kandidat für Neukundengewinnung","Guten Tag, wir sind auf Dachdeckerei Dieter Enders in Lindlar aufmerksam geworden und möchten kurz vorstellen, womit wir Handwerksbetrieben wie Ihrem helfen: Wir entwickeln ein automatisiertes System, das Interessenten anschreibt, nachfasst, vorqualifiziert und Termine direkt in Ihren Kalender bucht – ohne zusätzlichen Aufwand für Sie. Wäre ein kurzes Gespräch dazu interessant?"
"Dachdecker Holger Kurkowitz","https://www.kurkowitz.de/","+49 2327 3951","4.3","9","Bochum","Dachdecker","1","Rating 4.3, nur 9 Bewertung(en) – idealer Kandidat für Neukundengewinnung","Hallo, wir haben Ihr Unternehmen Dachdecker Holger Kurkowitz in Bochum entdeckt und möchten kurz vorstellen, womit wir Handwerksbetrieben wie Ihrem helfen: Wir entwickeln ein automatisiertes System, das Interessenten anschreibt, nachfasst, vorqualifiziert und Termine direkt in Ihren Kalender bucht – ohne zusätzlichen Aufwand für Sie. Wäre ein kurzes Gespräch dazu interessant?"
"Karl Kummer GmbH Dachdecker- und Klempnermeister","http://www.dachdecker-kummer.de/","+49 221 635127","3.7","3","Köln","Dachdecker","1","Rating 3.7, nur 3 Bewertung(en) – idealer Kandidat für Neukundengewinnung","Hallo, wir haben Ihr Unternehmen Karl Kummer GmbH Dachdecker- und Klempnermeister in Köln entdeckt und möchten kurz vorstellen, womit wir Handwerksbetrieben wie Ihrem helfen: Wir entwickeln ein automatisiertes System, das Interessenten anschreibt, nachfasst, vorqualifiziert und Termine direkt in Ihren Kalender bucht – ohne zusätzlichen Aufwand für Sie. Wäre ein kurzes Gespräch dazu interessant?"
"Dachdeckermeister Karsten Kirchhoff GmbH","https://www.kirchhoff-dachdecker.de/","+49 33932 600470","4.1","7","Fehrbellin","Dachdecker","1","Rating 4.1, nur 7 Bewertung(en) – idealer Kandidat für Neukundengewinnung","Guten Tag, wir sind auf Dachdeckermeister Karsten Kirchhoff GmbH in Fehrbellin aufmerksam geworden und möchten kurz vorstellen, womit wir Handwerksbetrieben wie Ihrem helfen: Wir entwickeln ein automatisiertes System, das Interessenten anschreibt, nachfasst, vorqualifiziert und Termine direkt in Ihren Kalender bucht – ohne zusätzlichen Aufwand für Sie. Wäre ein kurzes Gespräch dazu interessant?"
"Peter Lohölter","http://wohnbau-westerburg.de/partner/dachdeckerarbeiten/","+49 271 8909066","4.1","9","Siegen","Dachdecker","1","Rating 4.1, nur 9 Bewertung(en) – idealer Kandidat für Neukundengewinnung","Hallo, wir haben Ihr Unternehmen Peter Lohölter in Siegen entdeckt und möchten kurz vorstellen, womit wir Handwerksbetrieben wie Ihrem helfen: Wir entwickeln ein automatisiertes System, das Interessenten anschreibt, nachfasst, vorqualifiziert und Termine direkt in Ihren Kalender bucht – ohne zusätzlichen Aufwand für Sie. Wäre ein kurzes Gespräch dazu interessant?"
"Detlef Lenz Bedachungen","https://www.bedachungen-lenz.de/","+49 2161 5762989","3.9","7","Mönchengladbach","Dachdecker","1","Rating 3.9, nur 7 Bewertung(en) – idealer Kandidat für Neukundengewinnung","Hallo, wir haben Detlef Lenz Bedachungen in Mönchengladbach in unserer Recherche gefunden und möchten kurz vorstellen, womit wir Handwerksbetrieben wie Ihrem helfen: Wir entwickeln ein automatisiertes System, das Interessenten anschreibt, nachfasst, vorqualifiziert und Termine direkt in Ihren Kalender bucht – ohne zusätzlichen Aufwand für Sie. Wäre ein kurzes Gespräch dazu interessant?"
"Dachdeckerfachbetrieb Brinkmann","http://dachdecker-brinkmann.de/kontakt/","+49 1523 4218474","4","8","Essen","Dachdecker","1","Rating 4, nur 8 Bewertung(en) – idealer Kandidat für Neukundengewinnung","Guten Tag, wir sind auf Dachdeckerfachbetrieb Brinkmann in Essen aufmerksam geworden und möchten kurz vorstellen, womit wir Handwerksbetrieben wie Ihrem helfen: Wir entwickeln ein automatisiertes System, das Interessenten anschreibt, nachfasst, vorqualifiziert und Termine direkt in Ihren Kalender bucht – ohne zusätzlichen Aufwand für Sie. Wäre ein kurzes Gespräch dazu interessant?"
"Krämer Bedachungstechnik","https://www.kraemer-bedachungstechnik.de/","+49 221 95624780","4.3","9","","Dachdecker","1","Rating 4.3, nur 9 Bewertung(en) – idealer Kandidat für Neukundengewinnung","Guten Tag, wir sind auf Krämer Bedachungstechnik aufmerksam geworden und möchten kurz vorstellen, womit wir Handwerksbetrieben wie Ihrem helfen: Wir entwickeln ein automatisiertes System, das Interessenten anschreibt, nachfasst, vorqualifiziert und Termine direkt in Ihren Kalender bucht – ohne zusätzlichen Aufwand für Sie. Wäre ein kurzes Gespräch dazu interessant?"
"Dachdecker Nord-Ost eG","https://www.dachdecker-no.de/","+49 38375 2670","4","5","Ückeritz","Dachdecker","1","Rating 4, nur 5 Bewertung(en) – idealer Kandidat für Neukundengewinnung","Guten Tag, wir sind auf Dachdecker Nord-Ost eG in Ückeritz aufmerksam geworden und möchten kurz vorstellen, womit wir Handwerksbetrieben wie Ihrem helfen: Wir entwickeln ein automatisiertes System, das Interessenten anschreibt, nachfasst, vorqualifiziert und Termine direkt in Ihren Kalender bucht – ohne zusätzlichen Aufwand für Sie. Wäre ein kurzes Gespräch dazu interessant?"
"DEG Alles für das Dach eG","http://www.deg-dach.de/","+49 481 85460","3.9","8","Heide","Dachdecker","1","Rating 3.9, nur 8 Bewertung(en) – idealer Kandidat für Neukundengewinnung","Hallo, wir haben Ihr Unternehmen DEG Alles für das Dach eG in Heide entdeckt und möchten kurz vorstellen, womit wir Handwerksbetrieben wie Ihrem helfen: Wir entwickeln ein automatisiertes System, das Interessenten anschreibt, nachfasst, vorqualifiziert und Termine direkt in Ihren Kalender bucht – ohne zusätzlichen Aufwand für Sie. Wäre ein kurzes Gespräch dazu interessant?"
"DWK Bedachungen GmbH Dachdeckerei","http://www.dwk-bedachungen.de/","+49 4331 146636","3.8","10","Osterrönfeld","Dachdecker","1","Rating 3.8, nur 10 Bewertung(en) – idealer Kandidat für Neukundengewinnung","Guten Tag, wir sind auf DWK Bedachungen GmbH Dachdeckerei in Osterrönfeld aufmerksam geworden und möchten kurz vorstellen, womit wir Handwerksbetrieben wie Ihrem helfen: Wir entwickeln ein automatisiertes System, das Interessenten anschreibt, nachfasst, vorqualifiziert und Termine direkt in Ihren Kalender bucht – ohne zusätzlichen Aufwand für Sie. Wäre ein kurzes Gespräch dazu interessant?"
"Bedachungen Gerlach","http://www.bedachungen-gerlach.de/","+49 163 7997878","4.2","5","München","Dachdecker","1","Rating 4.2, nur 5 Bewertung(en) – idealer Kandidat für Neukundengewinnung","Guten Tag, wir sind auf Bedachungen Gerlach in München aufmerksam geworden und möchten kurz vorstellen, womit wir Handwerksbetrieben wie Ihrem helfen: Wir entwickeln ein automatisiertes System, das Interessenten anschreibt, nachfasst, vorqualifiziert und Termine direkt in Ihren Kalender bucht – ohne zusätzlichen Aufwand für Sie. Wäre ein kurzes Gespräch dazu interessant?"
"Friedländer Dachdecker eG","http://mse-dach.de/","+49 39601 20258","4.3","9","Friedland","Dachdecker","1","Rating 4.3, nur 9 Bewertung(en) – idealer Kandidat für Neukundengewinnung","Hallo, wir haben Ihr Unternehmen Friedländer Dachdecker eG in Friedland entdeckt und möchten kurz vorstellen, womit wir Handwerksbetrieben wie Ihrem helfen: Wir entwickeln ein automatisiertes System, das Interessenten anschreibt, nachfasst, vorqualifiziert und Termine direkt in Ihren Kalender bucht – ohne zusätzlichen Aufwand für Sie. Wäre ein kurzes Gespräch dazu interessant?"
"Dachdeckerbetrieb Nietosdateck Inh. Marko Spitzenberg","https://www.dachdecker-friedland.de/","+49 39601 26734","4.3","6","Friedland","Dachdecker","1","Rating 4.3, nur 6 Bewertung(en) – idealer Kandidat für Neukundengewinnung","Hallo, wir haben Ihr Unternehmen Dachdeckerbetrieb Nietosdateck Inh. Marko Spitzenberg in Friedland entdeckt und möchten kurz vorstellen, womit wir Handwerksbetrieben wie Ihrem helfen: Wir entwickeln ein automatisiertes System, das Interessenten anschreibt, nachfasst, vorqualifiziert und Termine direkt in Ihren Kalender bucht – ohne zusätzlichen Aufwand für Sie. Wäre ein kurzes Gespräch dazu interessant?"
"Holger Schröder Dach- und Fassadenbau GmbH","http://www.flachdach-schroeder.de/","+49 395 769800","4","4","Neubrandenburg","Dachdecker","1","Rating 4, nur 4 Bewertung(en) – idealer Kandidat für Neukundengewinnung","Hallo, wir haben Ihr Unternehmen Holger Schröder Dach- und Fassadenbau GmbH in Neubrandenburg entdeckt und möchten kurz vorstellen, womit wir Handwerksbetrieben wie Ihrem helfen: Wir entwickeln ein automatisiertes System, das Interessenten anschreibt, nachfasst, vorqualifiziert und Termine direkt in Ihren Kalender bucht – ohne zusätzlichen Aufwand für Sie. Wäre ein kurzes Gespräch dazu interessant?"
"Dachbau Hank GmbH & Co. KG","https://www.dachdecker-hank.de/","+49 39997 10775","4","4","Jarmen","Dachdecker","1","Rating 4, nur 4 Bewertung(en) – idealer Kandidat für Neukundengewinnung","Hallo, wir haben Dachbau Hank GmbH & Co. KG in Jarmen in unserer Recherche gefunden und möchten kurz vorstellen, womit wir Handwerksbetrieben wie Ihrem helfen: Wir entwickeln ein automatisiertes System, das Interessenten anschreibt, nachfasst, vorqualifiziert und Termine direkt in Ihren Kalender bucht – ohne zusätzlichen Aufwand für Sie. Wäre ein kurzes Gespräch dazu interessant?"
"Dachdeckerei Hartmut Krüger GmbH","http://www.krueger-dachdeckerei.de/","+49 30 66708270","4.1","9","Berlin","Dachdecker","1","Rating 4.1, nur 9 Bewertung(en) – idealer Kandidat für Neukundengewinnung","Hallo, wir haben Dachdeckerei Hartmut Krüger GmbH in Berlin in unserer Recherche gefunden und möchten kurz vorstellen, womit wir Handwerksbetrieben wie Ihrem helfen: Wir entwickeln ein automatisiertes System, das Interessenten anschreibt, nachfasst, vorqualifiziert und Termine direkt in Ihren Kalender bucht – ohne zusätzlichen Aufwand für Sie. Wäre ein kurzes Gespräch dazu interessant?"
"Detzner Dachbau","http://www.detzner-dachbau.de/","+49 30 43779150","4.3","7","Berlin","Dachdecker","1","Rating 4.3, nur 7 Bewertung(en) – idealer Kandidat für Neukundengewinnung","Guten Tag, wir sind auf Detzner Dachbau in Berlin aufmerksam geworden und möchten kurz vorstellen, womit wir Handwerksbetrieben wie Ihrem helfen: Wir entwickeln ein automatisiertes System, das Interessenten anschreibt, nachfasst, vorqualifiziert und Termine direkt in Ihren Kalender bucht – ohne zusätzlichen Aufwand für Sie. Wäre ein kurzes Gespräch dazu interessant?"
"Dach Duwe","http://dachduwe.de/","+49 177 5778382","4.3","6","Berlin","Dachdecker","1","Rating 4.3, nur 6 Bewertung(en) – idealer Kandidat für Neukundengewinnung","Hallo, wir haben Ihr Unternehmen Dach Duwe in Berlin entdeckt und möchten kurz vorstellen, womit wir Handwerksbetrieben wie Ihrem helfen: Wir entwickeln ein automatisiertes System, das Interessenten anschreibt, nachfasst, vorqualifiziert und Termine direkt in Ihren Kalender bucht – ohne zusätzlichen Aufwand für Sie. Wäre ein kurzes Gespräch dazu interessant?"
"Dachdeckermeister Maximilian Rüger","https://www.ruegerdach.de/","+49 30 45029300","4.1","9","Berlin","Dachdecker","1","Rating 4.1, nur 9 Bewertung(en) – idealer Kandidat für Neukundengewinnung","Guten Tag, wir sind auf Dachdeckermeister Maximilian Rüger in Berlin aufmerksam geworden und möchten kurz vorstellen, womit wir Handwerksbetrieben wie Ihrem helfen: Wir entwickeln ein automatisiertes System, das Interessenten anschreibt, nachfasst, vorqualifiziert und Termine direkt in Ihren Kalender bucht – ohne zusätzlichen Aufwand für Sie. Wäre ein kurzes Gespräch dazu interessant?"
"Ewald Rohde Bedachungs GmbH","https://www.bedachungen-rohde.de/","+49 3322 286424","3.7","3","Berlin","Dachdecker","1","Rating 3.7, nur 3 Bewertung(en) – idealer Kandidat für Neukundengewinnung","Hallo, wir haben Ihr Unternehmen Ewald Rohde Bedachungs GmbH in Berlin entdeckt und möchten kurz vorstellen, womit wir Handwerksbetrieben wie Ihrem helfen: Wir entwickeln ein automatisiertes System, das Interessenten anschreibt, nachfasst, vorqualifiziert und Termine direkt in Ihren Kalender bucht – ohne zusätzlichen Aufwand für Sie. Wäre ein kurzes Gespräch dazu interessant?"
"Dachblitz GmbH","http://www.dachblitz.de/","+49 351 270350","4.2","5","Dresden","Dachdecker","1","Rating 4.2, nur 5 Bewertung(en) – idealer Kandidat für Neukundengewinnung","Hallo, wir haben Dachblitz GmbH in Dresden in unserer Recherche gefunden und möchten kurz vorstellen, womit wir Handwerksbetrieben wie Ihrem helfen: Wir entwickeln ein automatisiertes System, das Interessenten anschreibt, nachfasst, vorqualifiziert und Termine direkt in Ihren Kalender bucht – ohne zusätzlichen Aufwand für Sie. Wäre ein kurzes Gespräch dazu interessant?"
"Adelsberger GmbH","https://www.gebr-adelsberger.de/","+49 89 43573777","4","4","München","Dachdecker","1","Rating 4, nur 4 Bewertung(en) – idealer Kandidat für Neukundengewinnung","Hallo, wir haben Ihr Unternehmen Adelsberger GmbH in München entdeckt und möchten kurz vorstellen, womit wir Handwerksbetrieben wie Ihrem helfen: Wir entwickeln ein automatisiertes System, das Interessenten anschreibt, nachfasst, vorqualifiziert und Termine direkt in Ihren Kalender bucht – ohne zusätzlichen Aufwand für Sie. Wäre ein kurzes Gespräch dazu interessant?"
"Weber & Co. GmbH","https://weber-co-gmbh.de/","+49 3385 53760","4.2","10","Rathenow","Dachdecker","1","Rating 4.2, nur 10 Bewertung(en) – idealer Kandidat für Neukundengewinnung","Guten Tag, wir sind auf Weber & Co. GmbH in Rathenow aufmerksam geworden und möchten kurz vorstellen, womit wir Handwerksbetrieben wie Ihrem helfen: Wir entwickeln ein automatisiertes System, das Interessenten anschreibt, nachfasst, vorqualifiziert und Termine direkt in Ihren Kalender bucht – ohne zusätzlichen Aufwand für Sie. Wäre ein kurzes Gespräch dazu interessant?"
"Geld vom Dach - Die Sonne macht's","http://www.geldvomdach.de/","+49 391 81959585","4","4","Magdeburg","Dachdecker","1","Rating 4, nur 4 Bewertung(en) – idealer Kandidat für Neukundengewinnung","Hallo, wir haben Geld vom Dach - Die Sonne macht's in Magdeburg in unserer Recherche gefunden und möchten kurz vorstellen, womit wir Handwerksbetrieben wie Ihrem helfen: Wir entwickeln ein automatisiertes System, das Interessenten anschreibt, nachfasst, vorqualifiziert und Termine direkt in Ihren Kalender bucht – ohne zusätzlichen Aufwand für Sie. Wäre ein kurzes Gespräch dazu interessant?"
"Dachdeckerei Viellechner Berlin","https://dachserviceberlin.de/","+49 30 754365161","4","4","Berlin","Dachdecker","1","Rating 4, nur 4 Bewertung(en) – idealer Kandidat für Neukundengewinnung","Guten Tag, wir sind auf Dachdeckerei Viellechner Berlin in Berlin aufmerksam geworden und möchten kurz vorstellen, womit wir Handwerksbetrieben wie Ihrem helfen: Wir entwickeln ein automatisiertes System, das Interessenten anschreibt, nachfasst, vorqualifiziert und Termine direkt in Ihren Kalender bucht – ohne zusätzlichen Aufwand für Sie. Wäre ein kurzes Gespräch dazu interessant?"
"Kai Schmid, Dachdeckerei und Bauklempnerei","https://www.dachdeckerei-schmid.de/","+49 30 7689250","4","5","Berlin","Dachdecker","1","Rating 4, nur 5 Bewertung(en) – idealer Kandidat für Neukundengewinnung","Hallo, wir haben Ihr Unternehmen Kai Schmid, Dachdeckerei und Bauklempnerei in Berlin entdeckt und möchten kurz vorstellen, womit wir Handwerksbetrieben wie Ihrem helfen: Wir entwickeln ein automatisiertes System, das Interessenten anschreibt, nachfasst, vorqualifiziert und Termine direkt in Ihren Kalender bucht – ohne zusätzlichen Aufwand für Sie. Wäre ein kurzes Gespräch dazu interessant?"
"Dachdeckermeister K.-D. Rotter GmbH","http://www.dachdeckerei-rotter.de/","+49 30 6849053","4.2","5","Berlin","Dachdecker","1","Rating 4.2, nur 5 Bewertung(en) – idealer Kandidat für Neukundengewinnung","Hallo, wir haben Ihr Unternehmen Dachdeckermeister K.-D. Rotter GmbH in Berlin entdeckt und möchten kurz vorstellen, womit wir Handwerksbetrieben wie Ihrem helfen: Wir entwickeln ein automatisiertes System, das Interessenten anschreibt, nachfasst, vorqualifiziert und Termine direkt in Ihren Kalender bucht – ohne zusätzlichen Aufwand für Sie. Wäre ein kurzes Gespräch dazu interessant?"
"ZEDF Zehlendorfer Dachdeckermeisterbetrieb GmbH Dachdeckermeister Stellmacher","http://www.zedf.de/","+49 30 80909265","4","9","Berlin","Dachdecker","1","Rating 4, nur 9 Bewertung(en) – idealer Kandidat für Neukundengewinnung","Hallo, wir haben ZEDF Zehlendorfer Dachdeckermeisterbetrieb GmbH Dachdeckermeister Stellmacher in Berlin in unserer Recherche gefunden und möchten kurz vorstellen, womit wir Handwerksbetrieben wie Ihrem helfen: Wir entwickeln ein automatisiertes System, das Interessenten anschreibt, nachfasst, vorqualifiziert und Termine direkt in Ihren Kalender bucht – ohne zusätzlichen Aufwand für Sie. Wäre ein kurzes Gespräch dazu interessant?"
"DACHLAND Berlin GmbH","https://www.dachland-berlin.de/","+49 30 20915720","3.7","9","Berlin","Dachdecker","1","Rating 3.7, nur 9 Bewertung(en) – idealer Kandidat für Neukundengewinnung","Hallo, wir haben Ihr Unternehmen DACHLAND Berlin GmbH in Berlin entdeckt und möchten kurz vorstellen, womit wir Handwerksbetrieben wie Ihrem helfen: Wir entwickeln ein automatisiertes System, das Interessenten anschreibt, nachfasst, vorqualifiziert und Termine direkt in Ihren Kalender bucht – ohne zusätzlichen Aufwand für Sie. Wäre ein kurzes Gespräch dazu interessant?"
"Rudolph Dachbau GmbH","https://www.rudolph-dachbau.de/","+49 30 40208286","4.3","6","Berlin","Dachdecker","1","Rating 4.3, nur 6 Bewertung(en) – idealer Kandidat für Neukundengewinnung","Hallo, wir haben Ihr Unternehmen Rudolph Dachbau GmbH in Berlin entdeckt und möchten kurz vorstellen, womit wir Handwerksbetrieben wie Ihrem helfen: Wir entwickeln ein automatisiertes System, das Interessenten anschreibt, nachfasst, vorqualifiziert und Termine direkt in Ihren Kalender bucht – ohne zusätzlichen Aufwand für Sie. Wäre ein kurzes Gespräch dazu interessant?"
"Dachdecker Berlin - Laubinger & Russ","https://laubinger-russ.de/dachdecker-berlin/","+49 173 2085945","4","4","Berlin","Dachdecker","1","Rating 4, nur 4 Bewertung(en) – idealer Kandidat für Neukundengewinnung","Hallo, wir haben Ihr Unternehmen Dachdecker Berlin - Laubinger & Russ in Berlin entdeckt und möchten kurz vorstellen, womit wir Handwerksbetrieben wie Ihrem helfen: Wir entwickeln ein automatisiertes System, das Interessenten anschreibt, nachfasst, vorqualifiziert und Termine direkt in Ihren Kalender bucht – ohne zusätzlichen Aufwand für Sie. Wäre ein kurzes Gespräch dazu interessant?"
"Palluth-Dachbau GmbH","http://www.palluth-dachbau.de/","+49 30 4554051","4.2","9","Hohen Neuendorf","Dachdecker","1","Rating 4.2, nur 9 Bewertung(en) – idealer Kandidat für Neukundengewinnung","Guten Tag, wir sind auf Palluth-Dachbau GmbH in Hohen Neuendorf aufmerksam geworden und möchten kurz vorstellen, womit wir Handwerksbetrieben wie Ihrem helfen: Wir entwickeln ein automatisiertes System, das Interessenten anschreibt, nachfasst, vorqualifiziert und Termine direkt in Ihren Kalender bucht – ohne zusätzlichen Aufwand für Sie. Wäre ein kurzes Gespräch dazu interessant?"
"Dachdeckerei Mix GmbH","http://www.dachdeckerei-mix.de/","+49 30 53648422","4.3","6","Berlin","Dachdecker","1","Rating 4.3, nur 6 Bewertung(en) – idealer Kandidat für Neukundengewinnung","Guten Tag, wir sind auf Dachdeckerei Mix GmbH in Berlin aufmerksam geworden und möchten kurz vorstellen, womit wir Handwerksbetrieben wie Ihrem helfen: Wir entwickeln ein automatisiertes System, das Interessenten anschreibt, nachfasst, vorqualifiziert und Termine direkt in Ihren Kalender bucht – ohne zusätzlichen Aufwand für Sie. Wäre ein kurzes Gespräch dazu interessant?"
"Universum Dachbau GmbH","http://www.universum-dachbau.de/","+49 30 39877084","4","4","Berlin","Dachdecker","1","Rating 4, nur 4 Bewertung(en) – idealer Kandidat für Neukundengewinnung","Hallo, wir haben Universum Dachbau GmbH in Berlin in unserer Recherche gefunden und möchten kurz vorstellen, womit wir Handwerksbetrieben wie Ihrem helfen: Wir entwickeln ein automatisiertes System, das Interessenten anschreibt, nachfasst, vorqualifiziert und Termine direkt in Ihren Kalender bucht – ohne zusätzlichen Aufwand für Sie. Wäre ein kurzes Gespräch dazu interessant?"
"Rainer Bauer Dachdeckerei-und Zimmerei Meisterbetrieb","http://www.zimmereibetrieb-bauer.de/","+49 38852 52291","4.2","5","Wittenburg","Dachdecker","1","Rating 4.2, nur 5 Bewertung(en) – idealer Kandidat für Neukundengewinnung","Hallo, wir haben Rainer Bauer Dachdeckerei-und Zimmerei Meisterbetrieb in Wittenburg in unserer Recherche gefunden und möchten kurz vorstellen, womit wir Handwerksbetrieben wie Ihrem helfen: Wir entwickeln ein automatisiertes System, das Interessenten anschreibt, nachfasst, vorqualifiziert und Termine direkt in Ihren Kalender bucht – ohne zusätzlichen Aufwand für Sie. Wäre ein kurzes Gespräch dazu interessant?"
"Dachdeckerei & Spenglerei SIML | Ihr Dachdecker in München","https://www.meister-siml.de/","+49 89 60087785","4","4","Neubiberg","Dachdecker","1","Rating 4, nur 4 Bewertung(en) – idealer Kandidat für Neukundengewinnung","Hallo, wir haben Ihr Unternehmen Dachdeckerei & Spenglerei SIML | Ihr Dachdecker in München in Neubiberg entdeckt und möchten kurz vorstellen, womit wir Handwerksbetrieben wie Ihrem helfen: Wir entwickeln ein automatisiertes System, das Interessenten anschreibt, nachfasst, vorqualifiziert und Termine direkt in Ihren Kalender bucht – ohne zusätzlichen Aufwand für Sie. Wäre ein kurzes Gespräch dazu interessant?"
"Löffler GmbH München","https://www.spenglerei-loeffler.de/","+49 89 1402155","3.9","8","München","Dachdecker","1","Rating 3.9, nur 8 Bewertung(en) – idealer Kandidat für Neukundengewinnung","Hallo, wir haben Löffler GmbH München in München in unserer Recherche gefunden und möchten kurz vorstellen, womit wir Handwerksbetrieben wie Ihrem helfen: Wir entwickeln ein automatisiertes System, das Interessenten anschreibt, nachfasst, vorqualifiziert und Termine direkt in Ihren Kalender bucht – ohne zusätzlichen Aufwand für Sie. Wäre ein kurzes Gespräch dazu interessant?"
"Spengler und Dachdecker A. & H. Bauer GmbH München","https://spenglerei-bauer.de/","+49 89 9045109","4.1","7","Aschheim","Dachdecker","1","Rating 4.1, nur 7 Bewertung(en) – idealer Kandidat für Neukundengewinnung","Hallo, wir haben Spengler und Dachdecker A. & H. Bauer GmbH München in Aschheim in unserer Recherche gefunden und möchten kurz vorstellen, womit wir Handwerksbetrieben wie Ihrem helfen: Wir entwickeln ein automatisiertes System, das Interessenten anschreibt, nachfasst, vorqualifiziert und Termine direkt in Ihren Kalender bucht – ohne zusätzlichen Aufwand für Sie. Wäre ein kurzes Gespräch dazu interessant?"
"Günther und Eduard Wagner eGbR","http://www.dachdecker-muenchen.info/","+49 89 31220881","4.3","6","München","Dachdecker","1","Rating 4.3, nur 6 Bewertung(en) – idealer Kandidat für Neukundengewinnung","Hallo, wir haben Günther und Eduard Wagner eGbR in München in unserer Recherche gefunden und möchten kurz vorstellen, womit wir Handwerksbetrieben wie Ihrem helfen: Wir entwickeln ein automatisiertes System, das Interessenten anschreibt, nachfasst, vorqualifiziert und Termine direkt in Ihren Kalender bucht – ohne zusätzlichen Aufwand für Sie. Wäre ein kurzes Gespräch dazu interessant?"
"Tectus Flachdachabdichtungen GmbH","https://www.tectusdach.de/","+49 89 3540493","4","4","München","Dachdecker","1","Rating 4, nur 4 Bewertung(en) – idealer Kandidat für Neukundengewinnung","Hallo, wir haben Tectus Flachdachabdichtungen GmbH in München in unserer Recherche gefunden und möchten kurz vorstellen, womit wir Handwerksbetrieben wie Ihrem helfen: Wir entwickeln ein automatisiertes System, das Interessenten anschreibt, nachfasst, vorqualifiziert und Termine direkt in Ihren Kalender bucht – ohne zusätzlichen Aufwand für Sie. Wäre ein kurzes Gespräch dazu interessant?"
"Probst Bedachungen GmbH","http://www.probst-bedachungen.de/","+49 89 8991660","3.9","7","Planegg","Bedachungsfachhandel","1","Rating 3.9, nur 7 Bewertung(en) – idealer Kandidat für Neukundengewinnung","Hallo, wir haben Ihr Unternehmen Probst Bedachungen GmbH in Planegg entdeckt und möchten kurz vorstellen, womit wir Handwerksbetrieben wie Ihrem helfen: Wir entwickeln ein automatisiertes System, das Interessenten anschreibt, nachfasst, vorqualifiziert und Termine direkt in Ihren Kalender bucht – ohne zusätzlichen Aufwand für Sie. Wäre ein kurzes Gespräch dazu interessant?"
"Lex Hans Spenglerei + Bedachung","https://www.spenglerei-lex.de/kontakt/","+49 89 395191","4.3","6","München","Dachdecker","1","Rating 4.3, nur 6 Bewertung(en) – idealer Kandidat für Neukundengewinnung","Guten Tag, wir sind auf Lex Hans Spenglerei + Bedachung in München aufmerksam geworden und möchten kurz vorstellen, womit wir Handwerksbetrieben wie Ihrem helfen: Wir entwickeln ein automatisiertes System, das Interessenten anschreibt, nachfasst, vorqualifiziert und Termine direkt in Ihren Kalender bucht – ohne zusätzlichen Aufwand für Sie. Wäre ein kurzes Gespräch dazu interessant?"
"Spenglerei Karl LAX","https://www.spenglerei-lax.de/","+49 89 1502907","4","4","München","Dachdecker","1","Rating 4, nur 4 Bewertung(en) – idealer Kandidat für Neukundengewinnung","Guten Tag, wir sind auf Spenglerei Karl LAX in München aufmerksam geworden und möchten kurz vorstellen, womit wir Handwerksbetrieben wie Ihrem helfen: Wir entwickeln ein automatisiertes System, das Interessenten anschreibt, nachfasst, vorqualifiziert und Termine direkt in Ihren Kalender bucht – ohne zusätzlichen Aufwand für Sie. Wäre ein kurzes Gespräch dazu interessant?"
"Thomas Meier GmbH","https://unserneuesdach.de/","+49 89 585696","4","4","München","Dachdecker","1","Rating 4, nur 4 Bewertung(en) – idealer Kandidat für Neukundengewinnung","Hallo, wir haben Ihr Unternehmen Thomas Meier GmbH in München entdeckt und möchten kurz vorstellen, womit wir Handwerksbetrieben wie Ihrem helfen: Wir entwickeln ein automatisiertes System, das Interessenten anschreibt, nachfasst, vorqualifiziert und Termine direkt in Ihren Kalender bucht – ohne zusätzlichen Aufwand für Sie. Wäre ein kurzes Gespräch dazu interessant?"
"JOHNDACH","http://www.johndach.de/","+49 1514 7061526","4.2","5","München","Dachdecker","1","Rating 4.2, nur 5 Bewertung(en) – idealer Kandidat für Neukundengewinnung","Hallo, wir haben Ihr Unternehmen JOHNDACH in München entdeckt und möchten kurz vorstellen, womit wir Handwerksbetrieben wie Ihrem helfen: Wir entwickeln ein automatisiertes System, das Interessenten anschreibt, nachfasst, vorqualifiziert und Termine direkt in Ihren Kalender bucht – ohne zusätzlichen Aufwand für Sie. Wäre ein kurzes Gespräch dazu interessant?"
"Schotte Dachdeckerei und Spenglerei GmbH","http://www.schotte-gmbh.de/","+49 89 469237","3.7","3","Haar","Dachdecker","1","Rating 3.7, nur 3 Bewertung(en) – idealer Kandidat für Neukundengewinnung","Guten Tag, wir sind auf Schotte Dachdeckerei und Spenglerei GmbH in Haar aufmerksam geworden und möchten kurz vorstellen, womit wir Handwerksbetrieben wie Ihrem helfen: Wir entwickeln ein automatisiertes System, das Interessenten anschreibt, nachfasst, vorqualifiziert und Termine direkt in Ihren Kalender bucht – ohne zusätzlichen Aufwand für Sie. Wäre ein kurzes Gespräch dazu interessant?"
"Oliver Schmidt - Spenglermeister","http://www.spengler-dachdecker.de/","+49 89 5024699","4.3","4","München","Dachdecker","1","Rating 4.3, nur 4 Bewertung(en) – idealer Kandidat für Neukundengewinnung","Hallo, wir haben Oliver Schmidt - Spenglermeister in München in unserer Recherche gefunden und möchten kurz vorstellen, womit wir Handwerksbetrieben wie Ihrem helfen: Wir entwickeln ein automatisiertes System, das Interessenten anschreibt, nachfasst, vorqualifiziert und Termine direkt in Ihren Kalender bucht – ohne zusätzlichen Aufwand für Sie. Wäre ein kurzes Gespräch dazu interessant?"
"Alois Gahr Abdichtungstechnik GmbH","http://alois-gahr.de/","+49 8764 460","3.5","8","Hörgertshausen","Dachdecker","1","Rating 3.5, nur 8 Bewertung(en) – idealer Kandidat für Neukundengewinnung","Hallo, wir haben Alois Gahr Abdichtungstechnik GmbH in Hörgertshausen in unserer Recherche gefunden und möchten kurz vorstellen, womit wir Handwerksbetrieben wie Ihrem helfen: Wir entwickeln ein automatisiertes System, das Interessenten anschreibt, nachfasst, vorqualifiziert und Termine direkt in Ihren Kalender bucht – ohne zusätzlichen Aufwand für Sie. Wäre ein kurzes Gespräch dazu interessant?"
"Marcus Hager","https://www.dachdeckerei-hager.de/","+49 89 3243900","4.3","6","München","Dachdecker","1","Rating 4.3, nur 6 Bewertung(en) – idealer Kandidat für Neukundengewinnung","Hallo, wir haben Marcus Hager in München in unserer Recherche gefunden und möchten kurz vorstellen, womit wir Handwerksbetrieben wie Ihrem helfen: Wir entwickeln ein automatisiertes System, das Interessenten anschreibt, nachfasst, vorqualifiziert und Termine direkt in Ihren Kalender bucht – ohne zusätzlichen Aufwand für Sie. Wäre ein kurzes Gespräch dazu interessant?"
"Spenglerei Wöllner","https://spenglerei-woellner.de/","+49 160 96464265","4.2","5","München","Dachdecker","1","Rating 4.2, nur 5 Bewertung(en) – idealer Kandidat für Neukundengewinnung","Guten Tag, wir sind auf Spenglerei Wöllner in München aufmerksam geworden und möchten kurz vorstellen, womit wir Handwerksbetrieben wie Ihrem helfen: Wir entwickeln ein automatisiertes System, das Interessenten anschreibt, nachfasst, vorqualifiziert und Termine direkt in Ihren Kalender bucht – ohne zusätzlichen Aufwand für Sie. Wäre ein kurzes Gespräch dazu interessant?"
"Spenglerei Hartl","https://www.spenglerei-hartl.de/","+49 89 9031225","4","4","Kirchheim bei München","Dachdecker","1","Rating 4, nur 4 Bewertung(en) – idealer Kandidat für Neukundengewinnung","Hallo, wir haben Ihr Unternehmen Spenglerei Hartl in Kirchheim bei München entdeckt und möchten kurz vorstellen, womit wir Handwerksbetrieben wie Ihrem helfen: Wir entwickeln ein automatisiertes System, das Interessenten anschreibt, nachfasst, vorqualifiziert und Termine direkt in Ihren Kalender bucht – ohne zusätzlichen Aufwand für Sie. Wäre ein kurzes Gespräch dazu interessant?"
"Hundhammer Dachdecker GmbH","http://hundhammergmbh.de/","+49 172 6410085","4.2","6","München","Dachdecker","1","Rating 4.2, nur 6 Bewertung(en) – idealer Kandidat für Neukundengewinnung","Hallo, wir haben Ihr Unternehmen Hundhammer Dachdecker GmbH in München entdeckt und möchten kurz vorstellen, womit wir Handwerksbetrieben wie Ihrem helfen: Wir entwickeln ein automatisiertes System, das Interessenten anschreibt, nachfasst, vorqualifiziert und Termine direkt in Ihren Kalender bucht – ohne zusätzlichen Aufwand für Sie. Wäre ein kurzes Gespräch dazu interessant?"
"Dachdeckerei, Spenglerei Claus Donath","https://www.dach-donath.de/kontakt.html","+49 8142 597940","4.2","5","Gröbenzell","Dachdecker","1","Rating 4.2, nur 5 Bewertung(en) – idealer Kandidat für Neukundengewinnung","Guten Tag, wir sind auf Dachdeckerei, Spenglerei Claus Donath in Gröbenzell aufmerksam geworden und möchten kurz vorstellen, womit wir Handwerksbetrieben wie Ihrem helfen: Wir entwickeln ein automatisiertes System, das Interessenten anschreibt, nachfasst, vorqualifiziert und Termine direkt in Ihren Kalender bucht – ohne zusätzlichen Aufwand für Sie. Wäre ein kurzes Gespräch dazu interessant?"